t1,t2,rho,rho_se,nsnp,h1,h2_,rg,rg_se
135,137,0.0340793454879406,0.002125944879781043,175922,0.03647583516760355,0.03605586776203267,0.9397247104241747,0.0586221040318085
135,189_irnt,0.011787562444579671,0.0017173361643968545,175922,0.03647583516760355,0.023043145340935416,0.4065842064054454,0.05923546660435655
135,20002_1065,0.01669185495040006,0.001167555000331092,175922,0.03647583516760355,0.01624594407238829,0.6856926637423464,0.04796254823814741
135,20002_1074,0.0025152553908504363,0.0002773021246928592,175922,0.03647583516760355,0.00045453796113508523,0.6177238740529514,0.06810288266213413
135,20002_1075,0.001927221133207538,0.0002511161286732503,175922,0.03647583516760355,0.00029255960254971066,0.5899588880878087,0.07687140281946675
135,20002_1081,0.0009914372442283458,0.00016347862711050412,175922,0.03647583516760355,3.031902696246375e-05,0.9427683140183084,0.1554535807043986
135,20002_1094,0.0007770138992442812,0.0002140896432683479,175922,0.03647583516760355,0.0001388519096754312,0.3452631565548569,0.09512991478328063
135,20002_1111,0.007302715175253106,0.00085208722611974,175922,0.03647583516760355,0.004836325769113061,0.5498243465565543,0.0641539880807737
135,20002_1113,0.001222426330121005,0.00017558376558866672,175922,0.03647583516760355,0.00010188552909712639,0.6341088593463824,0.0910805163253894
135,20002_1138,0.002073715469644939,0.00026983457990744356,175922,0.03647583516760355,0.0004176731323228055,0.531285882166563,0.06913161661937933
135,20002_1162,0.0007182569282014662,0.00016401057851490376,175922,0.03647583516760355,8.684297190175124e-05,0.4035616257719212,0.09215139194689743
135,20002_1197,0.00038979591772675534,0.00012127488160992439,175922,0.03647583516760355,4.1273900134880894e-05,0.3176851465465697,0.09883948698424821
135,20002_1265,0.0010214337375764138,0.0002441407720902292,175922,0.03647583516760355,0.000277599309044392,0.32099508725554776,0.0767235167164989
135,20002_1278,0.00042066374442389313,0.00014913744867310077,175922,0.03647583516760355,2.016057724393442e-05,0.49054740159632265,0.17391322379704274
135,20002_1286,0.0026573532533909964,0.0003479859687842654,175922,0.03647583516760355,0.0007000167609632972,0.5258870171243679,0.0688660052597698
135,20002_1294,0.0005031641642570191,0.0001865613806283782,175922,0.03647583516760355,3.28867464473953e-05,0.4594059604238507,0.17033687280201423
135,20002_1387,0.001934783282772174,0.0004096072002198745,175922,0.03647583516760355,0.0010358383021917019,0.31476303274151995,0.0666375431925584
135,20002_1398,0.0002774749056280134,0.00016023108003250636,175922,0.03647583516760355,2.0182727706855018e-05,0.3233934054244825,0.186747246599743
135,20002_1412,0.0002810531634226692,0.00012375821703684828,175922,0.03647583516760355,3.0195386643296827e-06,0.84686767895729,0.372907505247581
135,20002_1458,0.0008313660992615011,0.00014895252153129522,175922,0.03647583516760355,9.679858496611413e-05,0.4424408160209279,0.07927034219127067
135,20002_1465,0.0035677701000724014,0.0004065172791340328,175922,0.03647583516760355,0.0008276996746533312,0.6493186051713771,0.07398437266459992
135,20002_1471,0.0001749841208011286,0.00011433132361146342,175922,0.03647583516760355,1.4285396357153119e-05,0.2424096308435184,0.15838587995081055
135,20002_1502,7.927267625234165e-05,0.00011207115310291631,175922,0.03647583516760355,3.2487346934837107e-06,0.23028400550090042,0.3255622902838716
135,20116_2,0.0030847889735230965,0.0006266075310187803,175922,0.03647583516760355,0.003422908156109732,0.2760738135874903,0.056078367822168004
135,20127_irnt,0.01886698799117143,0.0025627662487502567,175922,0.03647583516760355,0.0867180541473791,0.33546343423153413,0.04556712323878722
135,2090,0.00936470603570351,0.000965484245631583,175922,0.03647583516760355,0.010680340986318272,0.47445930426201227,0.048915895673801765
135,21001_irnt,0.0411699134293547,0.0033863913639906288,175922,0.03647583516760355,0.199587126516061,0.48251527762150476,0.039688826937536156
135,2178,0.028249025520297316,0.001791609356177575,175922,0.03647583516760355,0.03894939874645987,0.7494634704014971,0.047532463189565805
135,22127,0.009016107631565809,0.001208825962935778,175922,0.03647583516760355,0.006450149921861154,0.5878026785038452,0.07880907902773562
135,6138_1,-0.010949665565217885,0.0013304883428701592,175922,0.03647583516760355,0.028483556254884992,-0.33970436464015136,0.04127730609522425
135,6150_4,0.017069361862446116,0.0011895193906787476,175922,0.03647583516760355,0.016914632149741197,0.6872003695601538,0.04788920473189042
135,6152_8,0.007174066578461305,0.0008564044405419524,175922,0.03647583516760355,0.004787490175587827,0.5428862381416901,0.06480706304699191
135,6152_9,0.006897087687245328,0.0010214295850616234,175922,0.03647583516760355,0.01002127638175884,0.36074606729707365,0.053424970442710246
135,BRONCHITIS,0.0006220596312664054,0.00013057494869877774,175922,0.03647583516760355,2.63652091629786e-05,0.6343278593704086,0.13315014113176665
135,C18,-7.692764032943488e-06,0.0001046076861196052,175922,0.03647583516760355,1.6962102787526098e-05,-0.00978002451879525,0.1329906559882768
135,C3_BREAST_3,0.0003015111266168834,0.00021893928570156757,175922,0.03647583516760355,0.00018365813177128058,0.11649187623107891,0.08458940954598813
135,C3_COLON,2.476891349065247e-05,0.00010325890659240903,175922,0.03647583516760355,1.0613096790424688e-05,0.03980918363132924,0.1659601571001006
135,C3_OTHER_SKIN,-0.0011621725068203296,0.00033380499550858485,175922,0.03647583516760355,0.00077888952708506,-0.21803692214895848,0.06262565444588573
135,C3_PROSTATE,0.00020164717532665587,0.0002025428609307524,175922,0.03647583516760355,0.00013503761948304083,0.09085778265995285,0.09126135889560714
135,C44,-0.0007046559525636235,0.00025694991475080567,175922,0.03647583516760355,0.0003989221767231898,-0.18472701505928193,0.06735995147556441
135,C50,0.00044093645933728,0.0002050824840145421,175922,0.03647583516760355,0.00015570240882813754,0.1850230017282149,0.08605543041571087
135,C61,0.00015294126263256711,0.0001605867466266942,175922,0.03647583516760355,5.921256483686959e-05,0.10406749776857291,0.10926979814718281
135,CARDIAC_ARRHYTM,0.000718820646876773,0.00024275039081897873,175922,0.03647583516760355,0.00022988222391223366,0.24823626363389178,0.08383099494205334
135,COLITNONINFNAS,0.0014026252594492997,0.00021323495439140399,175922,0.03647583516760355,0.00011828082033521322,0.6752768626291581,0.10265937393772122
135,C_STROKE,0.0006880909074120767,0.00016564866156969156,175922,0.03647583516760355,3.0797879154429984e-05,0.6492063984568568,0.15628773731558068
135,D3_ANAEMIA_IRONDEF,0.0005355157778906874,0.00014282512197053002,175922,0.03647583516760355,4.298308522605289e-05,0.4276818856885563,0.11406520593782224
135,D3_OTHERANAEMIA,0.00030764773269201115,0.00016470706240726904,175922,0.03647583516760355,5.298828790956294e-05,0.22128967595748827,0.11847307356723721
135,D50,0.0005355157778906874,0.00014282512197053002,175922,0.03647583516760355,4.298308522605289e-05,0.4276818856885563,0.11406520593782224
135,D64,0.00030764773269201115,0.00016470706240726904,175922,0.03647583516760355,5.298828790956294e-05,0.22128967595748827,0.11847307356723721
135,G47,0.00042085443325545546,0.00012310876488194842,175922,0.03647583516760355,3.974735230274218e-05,0.34952253537883077,0.10224268589984538
135,G56,0.001521309462500995,0.0002449842317697561,175922,0.03647583516760355,0.00037336800103821385,0.41223645712036683,0.06638454189924756
135,G6_CARPTU,0.0014162381721000608,0.00023276994342008456,175922,0.03647583516760355,0.0003362491645898389,0.40439247592982003,0.06646510141871925
135,H02,0.0005368099231819959,0.00015070849323729822,175922,0.03647583516760355,2.9576374257850733e-05,0.5168273006400097,0.14509840518903502
135,H25,0.00023603851780288295,0.00020328757718952384,175922,0.03647583516760355,8.832780416192719e-05,0.1315017521914181,0.11325555188198203
135,H26,0.000534497032360713,0.00022143785428209187,175922,0.03647583516760355,0.00020778995052692122,0.1941468757454548,0.08043350098833105
135,H33,-2.880774962963156e-05,0.00011852022574269354,175922,0.03647583516760355,4.284537445111342e-05,-0.023043834118030078,0.09480644815230013
135,H7_EYELIDDIS,0.0005391688983197011,0.00015089705229328002,175922,0.03647583516760355,2.9728709330602885e-05,0.5177667799832851,0.14490724728067303
135,H7_LENS,0.000747187503669716,0.00028973776184894703,175922,0.03647583516760355,0.0004289508760089697,0.18889618989969612,0.07324849387139165
135,H7_RETINALDETACH,-4.091585456233574e-05,0.00012388868684113697,175922,0.03647583516760355,5.0203231894693254e-05,-0.03023591848510077,0.09155102042040679
135,I20,0.0015633464570157223,0.00022296529755174113,175922,0.03647583516760355,0.00016957517798814564,0.6285957938973981,0.0896506641871622
135,I21,0.0012155396966855461,0.000192152479701059,175922,0.03647583516760355,0.00016946501646097404,0.48890726990554423,0.07728644692755623
135,I25,0.0028557548689450273,0.0003271773924526637,175922,0.03647583516760355,0.0006193745241864987,0.6008162005588544,0.06883415659369277
135,I48,0.00046518132695780697,0.0002042714558250691,175922,0.03647583516760355,0.00019898087439461782,0.17266884479928893,0.07582272601837015
135,I63,0.000289777368587973,0.00011191522628604554,175922,0.03647583516760355,1.393974904847061e-05,0.40638190740711044,0.15694918946789416
135,I80,0.0002844735276637602,0.00010973893270498689,175922,0.03647583516760355,2.96643724572816e-05,0.27347753291949856,0.10549710135718152
135,I9_CHD,0.0020412006242471084,0.000265199180839489,175922,0.03647583516760355,0.0003523141830101117,0.5694007132647816,0.07397832478271874
135,I9_CORATHER,0.002971230134774605,0.00034051001574574773,175922,0.03647583516760355,0.0006934524213181316,0.5907793877656149,0.06770471808155412
135,I9_DVTANDPULM,0.0003227127301554779,0.000174495483614258,175922,0.03647583516760355,8.743653443339956e-05,0.18070368428950612,0.09770911970464864
135,I9_IHD,0.003986985453674024,0.0004252270846756354,175922,0.03647583516760355,0.0012171671506362486,0.598366012559596,0.06381799934966725
135,I9_MI,0.0013165166799103147,0.00020929296111851575,175922,0.03647583516760355,0.00020239498679306978,0.48453356596158004,0.07702862130719156
135,I9_STR,0.0005703503272533895,0.00012707928980923417,175922,0.03647583516760355,1.2824283061437799e-05,0.8339164197822492,0.18580423526101805
135,I9_UAP,0.0008576280258543714,0.0001430203089236801,175922,0.03647583516760355,5.63420769606543e-05,0.598246155092097,0.09976510484069022
135,I9_VTE,0.000353654245651035,0.00017602643517113009,175922,0.03647583516760355,9.488511714299935e-05,0.19009784993969353,0.09461853567452781
135,ICDMAIN_ANY_ENTRY,0.0074552257582866195,0.0007047186651721237,175922,0.03647583516760355,0.002872901393455637,0.728279049986699,0.06884189112703694
135,J18,0.0005487281985183651,0.00015392792384111439,175922,0.03647583516760355,2.2918106621751656e-05,0.6001575703682509,0.16835476841495056
135,K11_APPENDIX,6.916324234365415e-05,0.00011041720542154933,175922,0.03647583516760355,1.9919504902879905e-05,0.0811397102375021,0.12953730550432013
135,K11_GALLBILPANC,0.0018772165781395188,0.000267940379162317,175922,0.03647583516760355,0.0003423088791663727,0.5312545668672112,0.07582745205627184
135,K11_HERNIA,0.0018078625312284574,0.0004044397704736639,175922,0.03647583516760355,0.00077219491564964,0.340642877549398,0.07620575393857597
135,K20,0.0007766238595702324,0.0001473763282646713,175922,0.03647583516760355,1.8001106473684757e-05,0.9584258226330147,0.18187604837670743
135,K21,0.0014038420286201932,0.00023269016104645113,175922,0.03647583516760355,0.00018217244900860908,0.54459577744335,0.09026804766848505
135,K35,3.178408560646383e-05,9.990633082102677e-05,175922,0.03647583516760355,1.4645527096876975e-05,0.04348651413757723,0.13669035886306904
135,K40,-0.00025762006469231706,0.0002711918366034745,175922,0.03647583516760355,0.000531306163992,-0.05852004285434995,0.061602957513186625
135,K51,4.83850878985885e-05,0.00013498634197569814,175922,0.03647583516760355,3.924921530740554e-05,0.040438349629656006,0.11281626486826807
135,K57,0.0012921661058496177,0.0002985185651198728,175922,0.03647583516760355,0.0004700505269821456,0.3120638418933492,0.07209355661480185
135,K80,0.0014324893887629024,0.00023485598525739573,175922,0.03647583516760355,0.0002372930349771275,0.4869073112773967,0.07982823273674494
135,KNEE_ARTHROSIS,0.0013338782021214443,0.00024977001297945287,175922,0.03647583516760355,0.000538985656247528,0.30083263616802586,0.05633120874216801
135,KRA_PSY_ANYMENTAL,0.00038701952623155616,0.00015181211979335322,175922,0.03647583516760355,5.623130641218968e-05,0.2702347331548101,0.10600216501086154
135,M13_ARTHROSIS,0.002197342720839641,0.0003886646271014819,175922,0.03647583516760355,0.0013416432226049124,0.3141063068520589,0.05555893009545164
135,M13_DORSALGIA,0.0018058340828744069,0.00024875114179340305,175922,0.03647583516760355,0.00022608162120958764,0.6288435255867724,0.08662232399009265
135,M13_SHOULDER,0.0007191303129363804,0.0001973714009071776,175922,0.03647583516760355,0.00011478276898505447,0.35145249009526286,0.09645911050415515
135,M16,0.00017698880987044723,0.0002313328771515501,175922,0.03647583516760355,0.0002798488802677867,0.055396381811429245,0.07240573230366422
135,M17,0.0013338782021214443,0.00024977001297945287,175922,0.03647583516760355,0.000538985656247528,0.30083263616802586,0.05633120874216801
135,M54,0.0018058340828744069,0.00024875114179340305,175922,0.03647583516760355,0.00022608162120958764,0.6288435255867724,0.08662232399009265
135,M75,0.0007195445170166905,0.00019739443843250088,175922,0.03647583516760355,0.00011472348339818012,0.351745769925586,0.09649529262392828
135,N20,0.00019545783295879505,0.0001466425463867281,175922,0.03647583516760355,9.310670142415819e-05,0.10606204261619365,0.07957321417502423
135,PNEUMONIA,0.0006751495997170148,0.00016238745823598472,175922,0.03647583516760355,3.3489864722507524e-05,0.6108586044154267,0.14692414267027543
135,R51,0.0005469172200094274,0.0001391790935433719,175922,0.03647583516760355,3.8987504443007606e-05,0.45862344972939056,0.11671015955571941
135,SLEEP,0.00042472431856157265,0.0001242715959754075,175922,0.03647583516760355,4.133536434252743e-05,0.34589447176680754,0.10120649128618273
135,XXI_HEALTHFACTORS,0.0022783951364070843,0.0005079417989442703,175922,0.03647583516760355,0.0007000881705451095,0.45086866468562387,0.1005159451793608
137,189_irnt,0.011673550032928769,0.0017803269841166552,175922,0.03605586776203267,0.023043145340935416,0.40498980753752156,0.06176478283105157
137,20002_1065,0.017644308774227686,0.0012413173937761805,175922,0.03605586776203267,0.01624594407238829,0.7290279790900508,0.0512887822681843
137,20002_1074,0.002540611671087426,0.0002858964227817598,175922,0.03605586776203267,0.00045453796113508523,0.6275744193241993,0.07062129311455664
137,20002_1075,0.0019198154145308993,0.00025639101059372145,175922,0.03605586776203267,0.00029255960254971066,0.5911045734965161,0.07894191171622308
137,20002_1081,0.0010130098051714124,0.00016453354843087433,175922,0.03605586776203267,3.031902696246375e-05,0.9688756545045482,0.15736525807560647
137,20002_1094,0.0006146436464955837,0.00019854680874387107,175922,0.03605586776203267,0.0001388519096754312,0.2747005266483296,0.08873582804809556
137,20002_1111,0.006396249827270592,0.0007424116908636025,175922,0.03605586776203267,0.004836325769113061,0.4843727123943136,0.05622106298657538
137,20002_1113,0.0012712564201042783,0.00017537335465695484,175922,0.03605586776203267,0.00010188552909712639,0.6632678254064713,0.09149963904844223
137,20002_1138,0.0020819361009331416,0.0002873906128116009,175922,0.03605586776203267,0.0004176731323228055,0.5364894057103055,0.07405703710354539
137,20002_1162,0.0006692058742616573,0.00016300387779237375,175922,0.03605586776203267,8.684297190175124e-05,0.3781851135449931,0.09211760147682119
137,20002_1197,0.00012335304330197744,0.00011586369003943275,175922,0.03605586776203267,4.1273900134880894e-05,0.10111699110226137,0.0949776949248943
137,20002_1265,0.0010342231202675437,0.00024992410285048556,175922,0.03605586776203267,0.000277599309044392,0.3269016222362968,0.07899706848232096
137,20002_1278,0.0003209993123654231,0.00013804208905001782,175922,0.03605586776203267,2.016057724393442e-05,0.37649970872000726,0.1619094007879605
137,20002_1286,0.0024581407469008894,0.00033514131011417166,175922,0.03605586776203267,0.0007000167609632972,0.48928798392964085,0.06670920538786919
137,20002_1294,0.0006180914959883507,0.00017873532951957345,175922,0.03605586776203267,3.28867464473953e-05,0.5676156188802791,0.16413907219156337
137,20002_1387,0.0012944193124582155,0.0003787011239529445,175922,0.03605586776203267,0.0010358383021917019,0.2118073491180432,0.06196730873874839
137,20002_1398,0.000297803945609365,0.0001498342198632694,175922,0.03605586776203267,2.0182727706855018e-05,0.3491021639107655,0.17564391322995235
137,20002_1412,0.00030763467619443805,0.00011667488601555614,175922,0.03605586776203267,3.0195386643296827e-06,0.9323457884579102,0.3536055815978824
137,20002_1458,0.00046617920143235023,0.00013740343811342013,175922,0.03605586776203267,9.679858496611413e-05,0.2495343934504159,0.07354872006791921
137,20002_1465,0.003582965116920787,0.0004071037928839389,175922,0.03605586776203267,0.0008276996746533312,0.6558706723603797,0.07452136139933087
137,20002_1471,0.00012670426606412402,0.00011611896430763063,175922,0.03605586776203267,1.4285396357153119e-05,0.1765456877698324,0.16179646553049942
137,20002_1502,7.07566735511453e-05,0.00011072969201604422,175922,0.03605586776203267,3.2487346934837107e-06,0.20673895092233746,0.32353330384876416
137,20116_2,0.0035061885410618333,0.0006001943149480314,175922,0.03605586776203267,0.003422908156109732,0.315609209011592,0.054026430916528936
137,20127_irnt,0.020765807558822562,0.002563382090904334,175922,0.03605586776203267,0.0867180541473791,0.3713693749940027,0.045842744245480196
137,2090,0.008198283314900868,0.0009439976989232041,175922,0.03605586776203267,0.010680340986318272,0.41777494159895295,0.048105020086385765
137,21001_irnt,0.041993856147708876,0.003922409556662275,175922,0.03605586776203267,0.199587126516061,0.4950299980088054,0.046237963672459324
137,2178,0.028802276784907762,0.001917273172396321,175922,0.03605586776203267,0.03894939874645987,0.7685789123420091,0.05116177934499343
137,22127,0.007595716590745515,0.0011255526544129628,175922,0.03605586776203267,0.006450149921861154,0.498076293397579,0.07380621531046237
137,6138_1,-0.014739300632249904,0.0013833836549408203,175922,0.03605586776203267,0.028483556254884992,-0.4599300603280514,0.04316756566330033
137,6150_4,0.017850616218039343,0.0012378001542874806,175922,0.03605586776203267,0.016914632149741197,0.7228263201588383,0.05012233301567976
137,6152_8,0.006248707912823502,0.0007382024047580792,175922,0.03605586776203267,0.004787490175587827,0.4756070686500048,0.05618670078607198
137,6152_9,0.003848318679050651,0.0008751273281138681,175922,0.03605586776203267,0.01002127638175884,0.20245174883095818,0.046038561980559
137,BRONCHITIS,0.0005548084095480535,0.00012771294399788993,175922,0.03605586776203267,2.63652091629786e-05,0.5690356145015266,0.1309879452383173
137,C18,1.233008149104515e-05,0.00010035252725299642,175922,0.03605586776203267,1.6962102787526098e-05,0.015766602751617533,0.12832181469911366
137,C3_BREAST_3,0.00032780327112141394,0.00021389668565653078,175922,0.03605586776203267,0.00018365813177128058,0.12738556738667725,0.08312104565422372
137,C3_COLON,1.5279158896564354e-05,9.687166890620227e-05,175922,0.03605586776203267,1.0613096790424688e-05,0.02469962779298282,0.15659855243774448
137,C3_OTHER_SKIN,-0.0004504480795730925,0.00032228939072804824,175922,0.03605586776203267,0.00077888952708506,-0.08499998153820927,0.06081631491870884
137,C3_PROSTATE,0.000212922123008085,0.00019315431979259083,175922,0.03605586776203267,0.00013503761948304083,0.09649513654059098,0.08753647671023503
137,C44,-0.0004416323362106856,0.00023829682146817463,175922,0.03605586776203267,0.0003989221767231898,-0.11644713252659343,0.06283276670423098
137,C50,0.0003383836541685729,0.00019827550935869556,175922,0.03605586776203267,0.00015570240882813754,0.14281497038336763,0.08368226611413881
137,C61,0.0002086845207726801,0.00015723903238652753,175922,0.03605586776203267,5.921256483686959e-05,0.1428220701091403,0.10761317621571288
137,CARDIAC_ARRHYTM,0.0005231319686059379,0.0002202380015601279,175922,0.03605586776203267,0.00022988222391223366,0.18170655286294873,0.07649826520745596
137,COLITNONINFNAS,0.0011070091165472859,0.00019260976026147327,175922,0.03605586776203267,0.00011828082033521322,0.5360509343755462,0.09326810449406304
137,C_STROKE,0.0007290968413201572,0.0001714886967619364,175922,0.03605586776203267,3.0797879154429984e-05,0.6918896520841938,0.1627373045865199
137,D3_ANAEMIA_IRONDEF,0.0004236938684530986,0.00012740872978098808,175922,0.03605586776203267,4.298308522605289e-05,0.34034189331723963,0.10234400718878028
137,D3_OTHERANAEMIA,0.0003724936981234318,0.0001540247646476014,175922,0.03605586776203267,5.298828790956294e-05,0.2694889795557556,0.11143269499674378
137,D50,0.0004236938684530986,0.00012740872978098808,175922,0.03605586776203267,4.298308522605289e-05,0.34034189331723963,0.10234400718878028
137,D64,0.0003724936981234318,0.0001540247646476014,175922,0.03605586776203267,5.298828790956294e-05,0.2694889795557556,0.11143269499674378
137,G47,0.0005186049531818881,0.00012167971142470719,175922,0.03605586776203267,3.974735230274218e-05,0.4332061187807387,0.10164267656381237
137,G56,0.0016279417707175917,0.0002477244276352614,175922,0.03605586776203267,0.00037336800103821385,0.44369276115336287,0.06751687147518552
137,G6_CARPTU,0.0015228807038703024,0.00023293102366695698,175922,0.03605586776203267,0.0003362491645898389,0.43736829807412225,0.06689732500449129
137,H02,0.0006370899074102779,0.00014574415077949193,175922,0.03605586776203267,2.9576374257850733e-05,0.616936240289955,0.14113368832297013
137,H25,0.00044478989315076554,0.00019307207338647246,175922,0.03605586776203267,8.832780416192719e-05,0.24924027238768603,0.10818891549091143
137,H26,0.0005779266366881179,0.00020577455714258994,175922,0.03605586776203267,0.00020778995052692122,0.21114094725766844,0.07517811458837528
137,H33,-1.1676100843346795e-05,0.00010943784344058676,175922,0.03605586776203267,4.284537445111342e-05,-0.009394158636558741,0.0880496388235259
137,H7_EYELIDDIS,0.0006416127573976217,0.00014583496729897585,175922,0.03605586776203267,2.9728709330602885e-05,0.6197221045842104,0.1408593451649249
137,H7_LENS,0.0009461418036776814,0.0002687109750323989,175922,0.03605586776203267,0.0004289508760089697,0.24058274500962265,0.0683272039521148
137,H7_RETINALDETACH,5.650121434933764e-06,0.00011636079981598574,175922,0.03605586776203267,5.0203231894693254e-05,0.004199561713532677,0.08648740836646858
137,I20,0.0015617113043031737,0.00021768888066267886,175922,0.03605586776203267,0.00016957517798814564,0.631584752671611,0.08803738403753478
137,I21,0.0012222866821041526,0.00018579207960926737,175922,0.03605586776203267,0.00016946501646097404,0.4944758373430164,0.07516214933990789
137,I25,0.002650539464931441,0.00031925154776066516,175922,0.03605586776203267,0.0006193745241864987,0.5608795811281441,0.06755669053474939
137,I48,0.0002529088894908049,0.000189987238976105,175922,0.03605586776203267,0.00019898087439461782,0.09442140337288904,0.0709301352086973
137,I63,0.00026192910810130996,0.00011726470478494047,175922,0.03605586776203267,1.393974904847061e-05,0.3694607523628917,0.165406229072865
137,I80,0.00015112245705067745,0.00010789515740518515,175922,0.03605586776203267,2.96643724572816e-05,0.14612463764058478,0.10432692193271789
137,I9_CHD,0.002066949875202666,0.00025605771431096554,175922,0.03605586776203267,0.0003523141830101117,0.5799317756991963,0.07184306050347525
137,I9_CORATHER,0.002782222002441956,0.00033039116462973614,175922,0.03605586776203267,0.0006934524213181316,0.556410696349167,0.06607423053152961
137,I9_DVTANDPULM,0.0002597893414470209,0.00016476905405669135,175922,0.03605586776203267,8.743653443339956e-05,0.14631433740711627,0.09279855299382443
137,I9_IHD,0.003748196321614848,0.0004058110934414262,175922,0.03605586776203267,0.0012171671506362486,0.5657951788761437,0.06125771984768751
137,I9_MI,0.0013388005317912155,0.0002053037874310969,175922,0.03605586776203267,0.00020239498679306978,0.4955962647929778,0.07599921555347171
137,I9_STR,0.0004974410490722812,0.00013308224274706772,175922,0.03605586776203267,1.2824283061437799e-05,0.7315383472961604,0.1957111583276476
137,I9_UAP,0.0009350435948159954,0.00014974248451928243,175922,0.03605586776203267,5.63420769606543e-05,0.6560356755951173,0.10506078277155678
137,I9_VTE,0.000260930144588957,0.0001677721117557976,175922,0.03605586776203267,9.488511714299935e-05,0.14107083266165182,0.09070531708813429
137,ICDMAIN_ANY_ENTRY,0.00787175258737817,0.0006794872520919301,175922,0.03605586776203267,0.002872901393455637,0.7734337147175051,0.06676255937353989
137,J18,0.0005775927250658655,0.00015132315523155258,175922,0.03605586776203267,2.2918106621751656e-05,0.635395845125553,0.16646695834760242
137,K11_APPENDIX,8.990928262841664e-05,0.0001143202222499853,175922,0.03605586776203267,1.9919504902879905e-05,0.106090693037143,0.13489498806019717
137,K11_GALLBILPANC,0.001466321595842137,0.00027580623892117697,175922,0.03605586776203267,0.0003423088791663727,0.4173805168393474,0.07850675518580488
137,K11_HERNIA,0.001910155122651115,0.00040567331893520355,175922,0.03605586776203267,0.00077219491564964,0.36200718677292776,0.07688205800414082
137,K20,0.0007763344974943726,0.00015266558803115818,175922,0.03605586776203267,1.8001106473684757e-05,0.9636322110271327,0.18949754083714243
137,K21,0.0013596387621946612,0.00023894605796962002,175922,0.03605586776203267,0.00018217244900860908,0.5305107797121897,0.09323319034976757
137,K35,6.461921622542897e-05,0.00010255337221116463,175922,0.03605586776203267,1.4645527096876975e-05,0.0889244538673486,0.14112679089635924
137,K40,0.00025686620208276005,0.0002635550729360419,175922,0.03605586776203267,0.000531306163992,0.05868762858029072,0.06021587155299781
137,K51,8.577942760028306e-05,0.00012046930210674033,175922,0.03605586776203267,3.924921530740554e-05,0.07210737379533828,0.1012681623192085
137,K57,0.0010396038150083439,0.0002736135513543063,175922,0.03605586776203267,0.0004700505269821456,0.25252688201233514,0.06646260431361571
137,K80,0.0010356135655949323,0.0002448447018903986,175922,0.03605586776203267,0.0002372930349771275,0.3540521687753613,0.08370670354018836
137,KNEE_ARTHROSIS,0.0014929260260186906,0.00026851780220891845,175922,0.03605586776203267,0.000538985656247528,0.3386582884397712,0.06091110860608902
137,KRA_PSY_ANYMENTAL,0.0002658067342336811,0.0001461478057854292,175922,0.03605586776203267,5.623130641218968e-05,0.18667618494939717,0.10263966750655912
137,M13_ARTHROSIS,0.002661770025293558,0.00039503085090280627,175922,0.03605586776203267,0.0013416432226049124,0.3827049093371878,0.0567968849838849
137,M13_DORSALGIA,0.0017269110764530345,0.0002378452777349001,175922,0.03605586776203267,0.00022608162120958764,0.6048523461480367,0.0833055483978177
137,M13_SHOULDER,0.0007550667015752924,0.0001919799816165447,175922,0.03605586776203267,0.00011478276898505447,0.37115814330262736,0.09436905822943907
137,M16,0.0005311675238471227,0.00021227199355441646,175922,0.03605586776203267,0.0002798488802677867,0.16721750956934245,0.0668256106028522
137,M17,0.0014929260260186906,0.00026851780220891845,175922,0.03605586776203267,0.000538985656247528,0.3386582884397712,0.06091110860608902
137,M54,0.0017269110764530345,0.0002378452777349001,175922,0.03605586776203267,0.00022608162120958764,0.6048523461480367,0.0833055483978177
137,M75,0.0007521036279249677,0.0001918144254955738,175922,0.03605586776203267,0.00011472348339818012,0.36979713731929775,0.09431203734585011
137,N20,0.00010799488266004973,0.00014218356128808802,175922,0.03605586776203267,9.310670142415819e-05,0.0589419813127123,0.07760164746692738
137,PNEUMONIA,0.0006632052748674938,0.00016357361971836153,175922,0.03605586776203267,3.3489864722507524e-05,0.6035361650783,0.14885677013428542
137,R51,0.0005988818757074144,0.00013323523220989624,175922,0.03605586776203267,3.8987504443007606e-05,0.5051152438156467,0.11237465939846751
137,SLEEP,0.0005185318421481025,0.00012200363957394891,175922,0.03605586776203267,4.133536434252743e-05,0.4247433320481635,0.09993645169401459
137,XXI_HEALTHFACTORS,0.0025392680650309666,0.0004905735453514868,175922,0.03605586776203267,0.0007000881705451095,0.505410435721902,0.09764269977014403
189_irnt,20002_1065,0.004189942161733255,0.0006702253285256267,383874,0.023043145340935416,0.01624594407238829,0.21655323283800526,0.03463996781332626
189_irnt,20002_1074,0.0011303282083297776,0.00021191011502931287,383872,0.023043145340935416,0.00045453796113508523,0.3492598045371271,0.06547804859611603
189_irnt,20002_1075,0.0006281226557388173,0.00018458522949878184,383865,0.023043145340935416,0.00029255960254971066,0.2419170065982068,0.07109169805388496
189_irnt,20002_1081,0.0005807438338330465,0.00012836795558527887,383838,0.023043145340935416,3.031902696246375e-05,0.6947940619919266,0.15357768450510223
189_irnt,20002_1094,0.00014747778556380747,0.00014661910454123958,383855,0.023043145340935416,0.0001388519096754312,0.08244793823720947,0.08196788980385739
189_irnt,20002_1111,0.0018713382568737967,0.000620676426990257,383874,0.023043145340935416,0.004836325769113061,0.17726526461855405,0.05879448606834451
189_irnt,20002_1113,0.0008352865856794361,0.00013245077837838496,383839,0.023043145340935416,0.00010188552909712639,0.545140407899947,0.08644251277317724
189_irnt,20002_1138,0.0009676738728878381,0.00029546066532594825,383874,0.023043145340935416,0.0004176731323228055,0.3119175896058527,0.09523805605785265
189_irnt,20002_1162,0.000312914005575669,0.00011788614938784296,383843,0.023043145340935416,8.684297190175124e-05,0.22120084608413784,0.08333444819198448
189_irnt,20002_1197,0.00017749925210515903,8.673624256175126e-05,383830,0.023043145340935416,4.1273900134880894e-05,0.1820069170787181,0.0889389443641346
189_irnt,20002_1265,7.84233825658317e-05,0.00018979360681346387,383872,0.023043145340935416,0.000277599309044392,0.03100741061686583,0.07504150046041368
189_irnt,20002_1278,0.0001184977924355476,0.00011688435548300129,383839,0.023043145340935416,2.016057724393442e-05,0.17385528559297792,0.1714881145562367
189_irnt,20002_1286,0.0014764588027884776,0.0002634140355018564,383874,0.023043145340935416,0.0007000167609632972,0.367617548484648,0.06558640294246902
189_irnt,20002_1294,0.00016991841129210635,0.00013512784098545274,383846,0.023043145340935416,3.28867464473953e-05,0.19519069225196167,0.15522565579501046
189_irnt,20002_1387,-9.105576700481887e-05,0.00027446741288247785,383874,0.023043145340935416,0.0010358383021917019,-0.018637626084748452,0.056178989887385976
189_irnt,20002_1398,0.00041813895009317007,0.0001299350561543577,383839,0.023043145340935416,2.0182727706855018e-05,0.6131402327402027,0.1905309480349592
189_irnt,20002_1412,0.0002183655698771497,7.270930096438429e-05,383829,0.023043145340935416,3.0195386643296827e-06,0.8278334795861234,0.2756441578655641
189_irnt,20002_1458,0.00021056736110445807,0.00011984584290274072,383836,0.023043145340935416,9.679858496611413e-05,0.14098914295849857,0.08024492774838947
189_irnt,20002_1465,0.0017693559387924763,0.00037706427380274353,383874,0.023043145340935416,0.0008276996746533312,0.40514262374975707,0.08633921861702794
189_irnt,20002_1471,-0.00016180900656525348,8.594815437028425e-05,383830,0.023043145340935416,1.4285396357153119e-05,-0.2820237380859679,0.14980266112271226
189_irnt,20002_1502,-2.205213724842093e-06,8.700590640744598e-05,383831,0.023043145340935416,3.2487346934837107e-06,-0.008059770658314829,0.3179953233843731
189_irnt,20116_2,0.006372207384802107,0.0004669868530758102,383874,0.023043145340935416,0.003422908156109732,0.7174991631924478,0.05258188506276525
189_irnt,20127_irnt,0.00945497020455648,0.0019054380399165815,383874,0.023043145340935416,0.0867180541473791,0.2115117618925079,0.04262547086669198
189_irnt,2090,0.0053472150834321126,0.0008144387590064797,383874,0.023043145340935416,0.010680340986318272,0.3408507190530374,0.05191525538072111
189_irnt,21001_irnt,0.023667505492091543,0.0024194910461884304,383874,0.023043145340935416,0.199587126516061,0.3489918975838183,0.03567688076288848
189_irnt,2178,0.01759059241200352,0.0012531602095731916,383874,0.023043145340935416,0.03894939874645987,0.5871637118243195,0.041829756663648965
189_irnt,22127,0.0008829266959713931,0.000844193705941916,383874,0.023043145340935416,0.006450149921861154,0.07242172485927054,0.06924466615248233
189_irnt,6138_1,-0.011965565037662542,0.0009948734899620536,383874,0.023043145340935416,0.028483556254884992,-0.4670519896239613,0.03883290437587906
189_irnt,6150_4,0.004278212289295388,0.0006848852535593445,383874,0.023043145340935416,0.016914632149741197,0.2167006293698222,0.034690907195926886
189_irnt,6152_8,0.0018970816559302438,0.0006157263549344136,383874,0.023043145340935416,0.004787490175587827,0.18061806994668178,0.058622308373450734
189_irnt,6152_9,-0.0006717797705565308,0.0006873391251756057,383874,0.023043145340935416,0.01002127638175884,-0.04420735409245042,0.04523125795089143
189_irnt,BRONCHITIS,0.0005381144722324869,0.00010405585623321103,383836,0.023043145340935416,2.63652091629786e-05,0.690379969191075,0.1334996223431773
189_irnt,C18,3.838805991041399e-06,9.264215488308e-05,383827,0.023043145340935416,1.6962102787526098e-05,0.006140241308762169,0.14818284322608166
189_irnt,C3_BREAST_3,0.00020295663860518586,0.00017081034152266003,383869,0.023043145340935416,0.00018365813177128058,0.0986568627110922,0.08303060461115291
189_irnt,C3_COLON,2.034043019908593e-05,7.785424113220504e-05,383827,0.023043145340935416,1.0613096790424688e-05,0.04113089804874072,0.15743102890786964
189_irnt,C3_OTHER_SKIN,-0.0005070701375906942,0.0002249810241928877,383874,0.023043145340935416,0.00077888952708506,-0.11969037373507717,0.0531052035461876
189_irnt,C3_PROSTATE,2.6015548127943025e-05,0.00018908980446525044,383846,0.023043145340935416,0.00013503761948304083,0.014748053838818128,0.10719384434686524
189_irnt,C44,0.00014488918615371355,0.00019577928789585045,383869,0.023043145340935416,0.0003989221767231898,0.04778823639860506,0.06457312060536868
189_irnt,C50,0.00023969023107983385,0.00015418135911820816,383866,0.023043145340935416,0.00015570240882813754,0.126541153448195,0.0813979232075175
189_irnt,C61,4.145161313577818e-05,0.00014204142337378889,383838,0.023043145340935416,5.921256483686959e-05,0.03548653698901804,0.12160101485112212
189_irnt,CARDIAC_ARRHYTM,0.00024118587229393559,0.00015619998987893326,383867,0.023043145340935416,0.00022988222391223366,0.10479203893238005,0.06786680855287441
189_irnt,COLITNONINFNAS,0.00056769895872343,0.00016302090060845733,383868,0.023043145340935416,0.00011828082033521322,0.34386664718824966,0.09874502965426261
189_irnt,C_STROKE,0.0003507734333309609,0.00014067699365556783,383844,0.023043145340935416,3.0797879154429984e-05,0.4163853191181404,0.16699051105328977
189_irnt,D3_ANAEMIA_IRONDEF,0.00031858467544235316,0.00011181501282496876,383833,0.023043145340935416,4.298308522605289e-05,0.32011439902985905,0.11235190639123378
189_irnt,D3_OTHERANAEMIA,0.0002459810237411819,0.00015428432431883186,383836,0.023043145340935416,5.298828790956294e-05,0.22260800699355088,0.13962429062454462
189_irnt,D50,0.00031858467544235316,0.00011181501282496876,383833,0.023043145340935416,4.298308522605289e-05,0.32011439902985905,0.11235190639123378
189_irnt,D64,0.0002459810237411819,0.00015428432431883186,383836,0.023043145340935416,5.298828790956294e-05,0.22260800699355088,0.13962429062454462
189_irnt,G47,0.00019641902794966757,9.816663675946266e-05,383831,0.023043145340935416,3.974735230274218e-05,0.205238378960139,0.10257438704789705
189_irnt,G56,0.0003680896030253308,0.00021679218047231273,383867,0.023043145340935416,0.00037336800103821385,0.12549144606008697,0.07391016752004721
189_irnt,G6_CARPTU,0.00026235913129762125,0.00019960056868694413,383863,0.023043145340935416,0.0003362491645898389,0.09425289481462795,0.07170679103998481
189_irnt,H02,0.0002701181338205471,0.00011837492784012984,383838,0.023043145340935416,2.9576374257850733e-05,0.3271978147653851,0.1433891800023772
189_irnt,H25,0.00013528469086443207,0.00014017637783892589,383850,0.023043145340935416,8.832780416192719e-05,0.0948263549760012,0.0982551305640658
189_irnt,H26,2.8719592234543244e-05,0.0001835800344665284,383874,0.023043145340935416,0.00020778995052692122,0.01312487331153713,0.08389620142317893
189_irnt,H33,-5.122511232955564e-05,8.616422452265895e-05,383830,0.023043145340935416,4.284537445111342e-05,-0.0515537271285287,0.08671697761645444
189_irnt,H7_EYELIDDIS,0.0002695739665743854,0.00011851275295174401,383838,0.023043145340935416,2.9728709330602885e-05,0.3257009625728103,0.143187853797765
189_irnt,H7_LENS,0.00017708237488730093,0.0002453751507323009,383874,0.023043145340935416,0.0004289508760089697,0.056324932336179995,0.07804694719490088
189_irnt,H7_RETINALDETACH,-5.154119815256628e-05,9.312069392992806e-05,383831,0.023043145340935416,5.0203231894693254e-05,-0.04792010847468758,0.08657838611262764
189_irnt,I20,0.0007766641911291151,0.00015100111963978156,383851,0.023043145340935416,0.00016957517798814564,0.3928993060140905,0.07638852903411111
189_irnt,I21,0.0004629206511506714,0.0001248428790899053,383846,0.023043145340935416,0.00016946501646097404,0.23425865568956555,0.06317610794705582
189_irnt,I25,0.0009481385290573405,0.0002308183039146022,383874,0.023043145340935416,0.0006193745241864987,0.25097140762838654,0.061097395438025795
189_irnt,I48,2.4852205146432572e-05,0.00013614412750970276,383849,0.023043145340935416,0.00019898087439461782,0.011606155443975499,0.063580269732678
189_irnt,I63,0.00011029547212741225,8.208715157881097e-05,383828,0.023043145340935416,1.393974904847061e-05,0.19460738942489098,0.14483610220756685
189_irnt,I80,9.491019149845847e-05,9.014090006672566e-05,383827,0.023043145340935416,2.96643724572816e-05,0.11479537403460233,0.1090268408018495
189_irnt,I9_CHD,0.0008771584124205379,0.00017622202088019096,383870,0.023043145340935416,0.0003523141830101117,0.30785207834436723,0.061847796942751006
189_irnt,I9_CORATHER,0.0010311413044422903,0.00023397257382129036,383874,0.023043145340935416,0.0006934524213181316,0.2579520417396144,0.058530972300559515
189_irnt,I9_DVTANDPULM,0.00030203952430372775,0.00011375554556741791,383836,0.023043145340935416,8.743653443339956e-05,0.21278765578238457,0.08014108726113611
189_irnt,I9_IHD,0.001641475806374027,0.0002819230568159299,383874,0.023043145340935416,0.0012171671506362486,0.30994775501485144,0.05323344895350297
189_irnt,I9_MI,0.0005153625333722429,0.0001303381147800159,383851,0.023043145340935416,0.00020239498679306978,0.2386393663920325,0.06035325254303834
189_irnt,I9_STR,0.00024504350757925284,9.622689559958009e-05,383833,0.023043145340935416,1.2824283061437799e-05,0.4507707974964564,0.1770145836489957
189_irnt,I9_UAP,0.0003350686667368507,0.00011077189054268147,383832,0.023043145340935416,5.63420769606543e-05,0.29406714948211526,0.09721701050672642
189_irnt,I9_VTE,0.0003209301783160404,0.00011838047075640345,383838,0.023043145340935416,9.488511714299935e-05,0.21704042382810237,0.08005899501491633
189_irnt,ICDMAIN_ANY_ENTRY,0.00416426939979627,0.0004507209857072132,383874,0.023043145340935416,0.002872901393455637,0.5118085987984837,0.0553957618964724
189_irnt,J18,0.0003315632123753229,0.00012074374293055832,383840,0.023043145340935416,2.2918106621751656e-05,0.45625337638312685,0.1661515461698539
189_irnt,K11_APPENDIX,-8.10304518479798e-05,0.00010388666554741411,383831,0.023043145340935416,1.9919504902879905e-05,-0.11960190888233825,0.15333795164072683
189_irnt,K11_GALLBILPANC,0.0011771791027262821,0.000212971322817014,383874,0.023043145340935416,0.0003423088791663727,0.4191433518937239,0.07583001931993998
189_irnt,K11_HERNIA,0.0011587431043636781,0.00046961040285739157,383874,0.023043145340935416,0.00077219491564964,0.2746963028429383,0.11132773170835701
189_irnt,K20,0.0006943106794922611,0.00011551257298141497,383839,0.023043145340935416,1.8001106473684757e-05,1.078036252052564,0.179353054648241
189_irnt,K21,0.0005976549536323831,0.00017292468452578547,383872,0.023043145340935416,0.00018217244900860908,0.29170125362988714,0.08440045038219728
189_irnt,K35,-6.567010311998457e-05,9.776960891684623e-05,383827,0.023043145340935416,1.4645527096876975e-05,-0.11304316679863398,0.1682985968277075
189_irnt,K40,0.00022234004726849352,0.000322973332930464,383874,0.023043145340935416,0.000531306163992,0.06354397620190286,0.09230460294361395
189_irnt,K51,0.00013116960479916083,9.68310333627663e-05,383826,0.023043145340935416,3.924921530740554e-05,0.13792622227089968,0.10181885239925073
189_irnt,K57,0.0006648813320087061,0.00020065940343076907,383874,0.023043145340935416,0.0004700505269821456,0.20202307994390822,0.06097002389632498
189_irnt,K80,0.0008019674765752097,0.00018657060915255004,383871,0.023043145340935416,0.0002372930349771275,0.34295992931041536,0.07978658087184783
189_irnt,KNEE_ARTHROSIS,0.0011745444483700074,0.0002552812889727298,383874,0.023043145340935416,0.000538985656247528,0.33328055289825287,0.07243684072704236
189_irnt,KRA_PSY_ANYMENTAL,0.0003233795055051467,0.00010518832714261969,383836,0.023043145340935416,5.623130641218968e-05,0.2840877625351594,0.09240757683788223
189_irnt,M13_ARTHROSIS,0.001816617780419695,0.0003471913879393976,383874,0.023043145340935416,0.0013416432226049124,0.32671882647638073,0.0624423938006701
189_irnt,M13_DORSALGIA,0.0005972512726987954,0.0001602290621736725,383867,0.023043145340935416,0.00022608162120958764,0.2616697834118122,0.07020010824892334
189_irnt,M13_SHOULDER,0.00041175077955975335,0.0001518155569797679,383855,0.023043145340935416,0.00011478276898505447,0.25317755524625907,0.09334843665768677
189_irnt,M16,0.00032572848178499884,0.0001753564355412536,383868,0.023043145340935416,0.0002798488802677867,0.12826940161636924,0.06905403215952949
189_irnt,M17,0.0011745444483700074,0.0002552812889727298,383874,0.023043145340935416,0.000538985656247528,0.33328055289825287,0.07243684072704236
189_irnt,M54,0.0005972512726987954,0.0001602290621736725,383867,0.023043145340935416,0.00022608162120958764,0.2616697834118122,0.07020010824892334
189_irnt,M75,0.0004109942255606245,0.00015199135332250935,383855,0.023043145340935416,0.00011472348339818012,0.2527776534660176,0.09348067503279579
189_irnt,N20,0.0003838946388969896,0.00012257877956337756,383833,0.023043145340935416,9.310670142415819e-05,0.2620901487366584,0.08368621833331787
189_irnt,PNEUMONIA,0.0004301431276535388,0.00012376579733275352,383843,0.023043145340935416,3.3489864722507524e-05,0.4896496094480784,0.14088769628286354
189_irnt,R51,0.0005077583566550959,0.00011400820517058474,383837,0.023043145340935416,3.8987504443007606e-05,0.535702263695355,0.12028251783399531
189_irnt,SLEEP,0.00019867440235765542,9.838232083531691e-05,383831,0.023043145340935416,4.133536434252743e-05,0.20356830041069227,0.10080574852743827
189_irnt,XXI_HEALTHFACTORS,0.001896199026930389,0.00031915104556974784,383874,0.023043145340935416,0.0007000881705451095,0.47210290210956213,0.07946008445573913
20002_1065,20116_2,0.001329804922434788,0.0003060847958879349,383874,0.01624594407238829,0.003422908156109732,0.17832730085348325,0.04104607718179166
20002_1065,20127_irnt,0.003730338693491711,0.001732635363353374,383874,0.01624594407238829,0.0867180541473791,0.09938504210232495,0.04616150239528775
20002_1065,2090,0.0022146392654234398,0.00046167778934084677,383874,0.01624594407238829,0.010680340986318272,0.168127191973867,0.035048863952901146
20002_1065,21001_irnt,0.022584523455417036,0.0018161273118912282,383874,0.01624594407238829,0.199587126516061,0.39661779108258266,0.031893894249704756
20002_1065,2178,0.012431461260872564,0.0007900239237573999,383874,0.01624594407238829,0.03894939874645987,0.4941961128254118,0.031406344271758
20002_1065,6138_1,-0.005644492859460963,0.0005152522120103097,383874,0.01624594407238829,0.028483556254884992,-0.2623948732591502,0.023952468757282342
20002_1065,6150_4,0.016854383085596013,0.0009897892987200249,383874,0.01624594407238829,0.016914632149741197,1.0167381166996903,0.059708890108837696
20002_1065,ICDMAIN_ANY_ENTRY,0.002871759523895905,0.0002768679857824695,383874,0.01624594407238829,0.002872901393455637,0.42035404715230573,0.04052657521709214
20002_1065,XXI_HEALTHFACTORS,0.0006582948223495484,0.00021838290317100013,383874,0.01624594407238829,0.0007000881705451095,0.19519630513645708,0.06475447528480952
20002_1074,20116_2,0.00039001018898063484,6.872898514727792e-05,383872,0.00045453796113508523,0.003422908156109732,0.31267506598926825,0.055100714221001025
20002_1074,20127_irnt,0.0014042931660559325,0.00030784461656574344,383872,0.00045453796113508523,0.0867180541473791,0.22367525466248445,0.04903336758392726
20002_1074,2090,0.0007659465277853425,0.00011566903589053708,383872,0.00045453796113508523,0.010680340986318272,0.34763285307387515,0.0524976032924858
20002_1074,21001_irnt,0.003896355209442534,0.00038508561804841054,383872,0.00045453796113508523,0.199587126516061,0.409079013231724,0.04043020622432184
20002_1074,2178,0.0025424694132684064,0.00020932784047891133,383872,0.00045453796113508523,0.03894939874645987,0.6042550353956296,0.049749822356868645
20002_1074,6138_1,-0.001528861495841318,0.00014143585070796284,383872,0.00045453796113508523,0.028483556254884992,-0.4248992433739377,0.039307671829809786
20002_1074,I20,0.000263010315859592,3.2799242877317734e-05,383851,0.00045453796113508523,0.00016957517798814564,0.9473414988992109,0.11814017183548525
20002_1074,I9_UAP,0.00015608044122827084,2.0774519080983595e-05,383832,0.00045453796113508523,5.63420769606543e-05,0.9753196588296911,0.12981637355049847
20002_1074,ICDMAIN_ANY_ENTRY,0.0006633884718556059,8.715121512448893e-05,383872,0.00045453796113508523,0.002872901393455637,0.5805270763461139,0.07626547982468268
20002_1074,XXI_HEALTHFACTORS,0.00020045617958454193,6.020334110029964e-05,383872,0.00045453796113508523,0.0007000881705451095,0.3553513744520216,0.10672327513641337
20002_1075,20116_2,0.0002840913561502582,5.733502555519466e-05,383865,0.00029255960254971066,0.003422908156109732,0.28389204167964366,0.05729480011355834
20002_1075,20127_irnt,0.0006280676660961926,0.00023204136052505468,383865,0.00029255960254971066,0.0867180541473791,0.12469369518040857,0.046068435362069754
20002_1075,2090,0.0003195621522031426,8.683112469324374e-05,383865,0.00029255960254971066,0.010680340986318272,0.18078217184248271,0.04912196014874525
20002_1075,21001_irnt,0.0027333757278670077,0.00032376951650893557,383865,0.00029255960254971066,0.199587126516061,0.3577057259413247,0.04237039524415337
20002_1075,2178,0.0015419409834928105,0.00016980478358388448,383865,0.00029255960254971066,0.03894939874645987,0.45678327519340417,0.05030282353171242
20002_1075,6138_1,-0.0009043572269888383,0.00011820222748038708,383865,0.00029255960254971066,0.028483556254884992,-0.31328220668996754,0.04094693286636634
20002_1075,I21,0.00020902747019839517,2.3742166352503588e-05,383846,0.00029255960254971066,0.00016946501646097404,0.9387634161957993,0.10662845975129802
20002_1075,I9_MI,0.00022543326294516145,2.610976728199986e-05,383851,0.00029255960254971066,0.00020239498679306978,0.9264264435715395,0.10729906726953509
20002_1075,ICDMAIN_ANY_ENTRY,0.00043491029502284697,6.566882508197495e-05,383865,0.00029255960254971066,0.002872901393455637,0.4743863122550333,0.07162946501214099
20002_1075,XXI_HEALTHFACTORS,0.00013757673967854637,5.4451236426683425e-05,383865,0.00029255960254971066,0.0007000881705451095,0.3039915171741405,0.12031622505396922
20002_1081,20116_2,0.0002036343357464429,3.760672002534997e-05,383838,3.031902696246375e-05,0.003422908156109732,0.6321145041667565,0.11673745046494388
20002_1081,20127_irnt,0.00022255790701315164,0.00015541809498871846,383838,3.031902696246375e-05,0.0867180541473791,0.1372557782833106,0.09584935387501407
20002_1081,2090,0.0001854267260122995,6.519595567972511e-05,383838,3.031902696246375e-05,0.010680340986318272,0.3258533133957797,0.11456988232016609
20002_1081,21001_irnt,0.0013596390367015137,0.00018770908921907106,383838,3.031902696246375e-05,0.199587126516061,0.552713067792457,0.07630647823005778
20002_1081,2178,0.0008132763653102478,0.00010009809871249525,383838,3.031902696246375e-05,0.03894939874645987,0.7483937342604365,0.09211234099891304
20002_1081,6138_1,-0.0006003069564006384,7.856135437902075e-05,383838,3.031902696246375e-05,0.028483556254884992,-0.6459793583595695,0.08453843946420844
20002_1081,C_STROKE,1.5598088578372653e-05,1.339177666270337e-05,383838,3.031902696246375e-05,3.0797879154429984e-05,0.5104501636497559,0.4382482221902537
20002_1081,I63,8.208691910578896e-06,8.127355953026747e-06,383828,3.031902696246375e-05,1.393974904847061e-05,0.399290381552256,0.3953340063004255
20002_1081,I9_STR,1.756394929109178e-05,1.0026481387270109e-05,383833,3.031902696246375e-05,1.2824283061437799e-05,0.8907339329531984,0.5084805843919625
20002_1081,ICDMAIN_ANY_ENTRY,0.00033540293143130876,4.757787713409466e-05,383838,3.031902696246375e-05,0.002872901393455637,1.13644615715217,0.16120817848478933
20002_1081,XXI_HEALTHFACTORS,8.469839269657524e-05,3.217688436495837e-05,383838,3.031902696246375e-05,0.0007000881705451095,0.5813546754710781,0.22085640083719277
20002_1094,20116_2,0.00015026871735628427,5.8404398789165534e-05,383855,0.0001388519096754312,0.003422908156109732,0.2179691485626275,0.0847172804849537
20002_1094,20127_irnt,-0.0002159829788400255,0.0002734543147573919,383855,0.0001388519096754312,0.0867180541473791,-0.06224275912277962,0.07880505739823092
20002_1094,2090,0.000105084097744741,8.798339657363527e-05,383855,0.0001388519096754312,0.010680340986318272,0.08629159806938907,0.07224906581349752
20002_1094,21001_irnt,0.0022184082386229676,0.00029431256522745156,383855,0.0001388519096754312,0.199587126516061,0.4214046058871712,0.055907054616017124
20002_1094,2178,0.0010536883941221205,0.00016586687425676453,383855,0.0001388519096754312,0.03894939874645987,0.45309147298626906,0.0713236159721008
20002_1094,6138_1,-0.0005796455436656885,0.00010601049090801191,383855,0.0001388519096754312,0.028483556254884992,-0.29146705116944654,0.053305965198284094
20002_1094,I80,5.432078241146274e-05,1.3531157318482385e-05,383827,0.0001388519096754312,2.96643724572816e-05,0.8463938624353881,0.2108343804634602
20002_1094,I9_DVTANDPULM,0.00010817886356893829,1.7676030522367574e-05,383836,0.0001388519096754312,8.743653443339956e-05,0.9817931965851058,0.16042141631883552
20002_1094,I9_VTE,0.00010981869484882953,1.8673773225886472e-05,383838,0.0001388519096754312,9.488511714299935e-05,0.956756233361748,0.16268859285610987
20002_1094,ICDMAIN_ANY_ENTRY,0.0003093934552999946,5.8903627838739726e-05,383855,0.0001388519096754312,0.002872901393455637,0.4898632214019248,0.09326222126246006
20002_1094,XXI_HEALTHFACTORS,0.00010710902311724668,3.513198669498438e-05,383855,0.0001388519096754312,0.0007000881705451095,0.34353719089737206,0.1126809270459625
20002_1111,20116_2,0.0003588428804941307,0.00021197188532803002,383874,0.004836325769113061,0.003422908156109732,0.08819600992926199,0.052098217686169485
20002_1111,20127_irnt,0.0020824472888749082,0.0007686254797848307,383874,0.004836325769113061,0.0867180541473791,0.10168607443398876,0.037532046149166935
20002_1111,2090,0.0013320213302568545,0.00032402920421161505,383874,0.004836325769113061,0.010680340986318272,0.18533645287059067,0.04508518142384451
20002_1111,21001_irnt,0.0060027323095528,0.000766031167938089,383874,0.004836325769113061,0.199587126516061,0.1932079267908744,0.024655987670644013
20002_1111,2178,0.00416037386863667,0.0004159604116022991,383874,0.004836325769113061,0.03894939874645987,0.3031267111627037,0.030307062664108115
20002_1111,22127,0.005382289424648499,0.000884097903233125,383874,0.004836325769113061,0.006450149921861154,0.9636611919705779,0.15829153210280245
20002_1111,6138_1,-0.0013490996491333754,0.00030411681126465273,383874,0.004836325769113061,0.028483556254884992,-0.1149447527240825,0.02591108202608099
20002_1111,6152_8,0.004776900002539232,0.0006494452424352956,383874,0.004836325769113061,0.004787490175587827,0.9927375032768078,0.13496800187307698
20002_1111,ICDMAIN_ANY_ENTRY,0.001142158452974059,0.00018704408210463327,383874,0.004836325769113061,0.002872901393455637,0.306413732367022,0.05017944328618132
20002_1111,XXI_HEALTHFACTORS,0.0006418655458193055,0.0001660473160757202,383874,0.004836325769113061,0.0007000881705451095,0.34882686198146023,0.09023971544259049
20002_1113,20002_1412,3.615141961096658e-05,9.243262182147852e-06,383829,0.00010188552909712639,3.0195386643296827e-06,2.0610987788768558,0.5269855679660317
20002_1113,20116_2,0.00032794853805038436,5.512171020913596e-05,383839,0.00010188552909712639,0.003422908156109732,0.555330879746017,0.09334021735703421
20002_1113,20127_irnt,0.000677854102936879,0.00033368082216918336,383839,0.00010188552909712639,0.0867180541473791,0.22804744687989117,0.11225875780462914
20002_1113,2090,0.000411889557532937,9.157182654459764e-05,383839,0.00010188552909712639,0.010680340986318272,0.39484984315386124,0.08778353489953587
20002_1113,21001_irnt,0.0014776462924390055,0.0002884730050859677,383839,0.00010188552909712639,0.199587126516061,0.32767851974198753,0.0639709298333279
20002_1113,2178,0.001323319980123099,0.00014880364211554425,383839,0.00010188552909712639,0.03894939874645987,0.6642908006443863,0.07469764837264861
20002_1113,6138_1,-0.0008685395679984239,8.95755074979899e-05,383839,0.00010188552909712639,0.028483556254884992,-0.509842752557916,0.05258185693231456
20002_1113,BRONCHITIS,4.037013444068441e-05,1.2274645335733276e-05,383836,0.00010188552909712639,2.63652091629786e-05,0.7789118886854212,0.2368302041561795
20002_1113,ICDMAIN_ANY_ENTRY,0.00037319790065314877,5.441077513583491e-05,383839,0.00010188552909712639,0.002872901393455637,0.6897990302962707,0.10056996532049137
20002_1113,XXI_HEALTHFACTORS,0.0001468575102316048,3.640852839833307e-05,383839,0.00010188552909712639,0.0007000881705451095,0.5498744477443039,0.13632342952459867
20002_1138,20116_2,0.0002936556130245475,8.61767663707947e-05,383874,0.0004176731323228055,0.003422908156109732,0.24559663592242614,0.07207328236416452
20002_1138,20127_irnt,0.00184859924378642,0.0003619519821715094,383874,0.0004176731323228055,0.0867180541473791,0.3071635931693697,0.0601420084814346
20002_1138,2090,0.000986121584874174,0.00020031861401608613,383874,0.0004176731323228055,0.010680340986318272,0.46689544410118655,0.09484413452394774
20002_1138,21001_irnt,0.0023923391911538773,0.0003971689537587868,383874,0.0004176731323228055,0.199587126516061,0.26202228067066996,0.04350015058912584
20002_1138,2178,0.001743785879162538,0.00022032843991537176,383874,0.0004176731323228055,0.03894939874645987,0.43233909377012947,0.05462631575531837
20002_1138,6138_1,-0.0012476840459279671,0.00016294760434903537,383874,0.0004176731323228055,0.028483556254884992,-0.3617339298447962,0.04724247093833127
20002_1138,ICDMAIN_ANY_ENTRY,0.0006341368640519059,8.386504014839378e-05,383874,0.0004176731323228055,0.002872901393455637,0.5789010949198041,0.07656007136564225
20002_1138,K20,9.95454673005878e-05,2.4453878112318296e-05,383839,0.0004176731323228055,1.8001106473684757e-05,1.1480310113888743,0.2820199772320448
20002_1138,K21,0.0002406783032532188,3.824695674163961e-05,383872,0.0004176731323228055,0.00018217244900860908,0.8725238823278124,0.13865555279542208
20002_1138,XXI_HEALTHFACTORS,0.0002764783978314595,6.2058742711681e-05,383874,0.0004176731323228055,0.0007000881705451095,0.5112891359277614,0.11476470200453467
20002_1162,20116_2,5.042145227289909e-06,4.8101653057631165e-05,383843,8.684297190175124e-05,0.003422908156109732,0.009248054673885014,0.08822568516542331
20002_1162,20127_irnt,0.0002811873079474334,0.00018500576446373826,383843,8.684297190175124e-05,0.0867180541473791,0.10246454435015429,0.06741602775852436
20002_1162,2090,5.961151205040285e-05,7.337803269991713e-05,383843,8.684297190175124e-05,0.010680340986318272,0.061897091174485074,0.07619143725780436
20002_1162,21001_irnt,0.0018498203419588472,0.00027122840000603555,383843,8.684297190175124e-05,0.199587126516061,0.4443200891153035,0.06514807093842842
20002_1162,2178,0.0007296506009301962,0.00012153263802812495,383843,8.684297190175124e-05,0.03894939874645987,0.3967319956489194,0.066080787105373
20002_1162,6138_1,-0.00048369633384808057,0.00010112881724930843,383843,8.684297190175124e-05,0.028483556254884992,-0.307544773860808,0.06429992756884932
20002_1162,ICDMAIN_ANY_ENTRY,0.00023079297829002652,5.278740377664924e-05,383843,8.684297190175124e-05,0.002872901393455637,0.4620562966738013,0.10568238462355856
20002_1162,K11_GALLBILPANC,0.00018690768790370347,2.749437564106355e-05,383843,8.684297190175124e-05,0.0003423088791663727,1.0840535708070074,0.159465757803179
20002_1162,K80,0.00016299869647753398,2.527681068545347e-05,383842,8.684297190175124e-05,0.0002372930349771275,1.135466425604686,0.17608097794606611
20002_1162,XXI_HEALTHFACTORS,9.736030308901891e-06,3.8895088207243335e-05,383843,8.684297190175124e-05,0.0007000881705451095,0.03948555155778708,0.15774334734224982
20002_1197,20116_2,1.0024766824787656e-05,3.5995525182854647e-05,383830,4.1273900134880894e-05,0.003422908156109732,0.02667097560248383,0.09576639444387715
20002_1197,20127_irnt,0.0005275085683145113,0.00016951045362798058,383830,4.1273900134880894e-05,0.0867180541473791,0.27882839678558,0.08959916646378771
20002_1197,2090,0.0002703750375155933,5.732962836476091e-05,383830,4.1273900134880894e-05,0.010680340986318272,0.40722673188368735,0.08634731006830278
20002_1197,21001_irnt,0.0005235409447197525,0.00018455664943279663,383830,4.1273900134880894e-05,0.199587126516061,0.1824091564759237,0.06430217747931773
20002_1197,2178,0.0002528375502198848,8.980680626703045e-05,383830,4.1273900134880894e-05,0.03894939874645987,0.1994129876521681,0.07083063229189422
20002_1197,6138_1,-0.00014118555203393614,6.362541622708032e-05,383830,4.1273900134880894e-05,0.028483556254884992,-0.130213315207301,0.05868076626127535
20002_1197,ICDMAIN_ANY_ENTRY,7.431347093924617e-05,3.795317563148985e-05,383830,4.1273900134880894e-05,0.002872901393455637,0.21580894007860976,0.11021736035375433
20002_1197,N20,5.4075302607773346e-05,1.2061448540697116e-05,383830,4.1273900134880894e-05,9.310670142415819e-05,0.8723097637353179,0.19456792323763625
20002_1197,XXI_HEALTHFACTORS,3.360954993561907e-05,2.7742037053138487e-05,383830,4.1273900134880894e-05,0.0007000881705451095,0.19771907621166693,0.16320152899647397
20002_1265,20116_2,-0.00010154535808332908,6.231865284626337e-05,383872,0.000277599309044392,0.003422908156109732,-0.10417254200128041,0.06393096251394649
20002_1265,20127_irnt,0.0009296000624628606,0.00026715760840146714,383872,0.000277599309044392,0.0867180541473791,0.18946639494852108,0.05445071594852327
20002_1265,2090,0.0002700966158979366,0.00011388189742819936,383872,0.000277599309044392,0.010680340986318272,0.1568618718634861,0.06613828737751817
20002_1265,21001_irnt,-0.0006410186819770507,0.0003536492618426998,383872,0.000277599309044392,0.199587126516061,-0.08611825746987652,0.047511342557862844
20002_1265,2178,0.0006099605297713817,0.00017173987698405156,383872,0.000277599309044392,0.03894939874645987,0.18549925236260095,0.05222898405135677
20002_1265,6138_1,-0.0001233030230852132,0.00013038021149181411,383872,0.000277599309044392,0.028483556254884992,-0.04384978098068956,0.04636661433824689
20002_1265,ICDMAIN_ANY_ENTRY,0.0002210656909232104,7.764619747030864e-05,383872,0.000277599309044392,0.002872901393455637,0.24754365300570608,0.08694620718182441
20002_1265,R51,1.9601673574568112e-05,1.868509733293978e-05,383837,0.000277599309044392,3.8987504443007606e-05,0.18841750282323896,0.17960708130806868
20002_1265,XXI_HEALTHFACTORS,4.4573470836077885e-05,5.1842861368624915e-05,383872,0.000277599309044392,0.0007000881705451095,0.10110925091001091,0.11759893900320832
20002_1278,20116_2,3.8386387356540196e-05,4.214742048075967e-05,383839,2.016057724393442e-05,0.003422908156109732,0.14612621557001304,0.16044341431995005
20002_1278,20127_irnt,0.00011450435241508805,0.000182354666021548,383839,2.016057724393442e-05,0.0867180541473791,0.08659957315310077,0.1379147246970626
20002_1278,2090,0.00010700195667572327,7.270624262330898e-05,383839,2.016057724393442e-05,0.010680340986318272,0.23059382793229488,0.15668508616054866
20002_1278,21001_irnt,0.00011311153967519763,0.00018274475998380553,383839,2.016057724393442e-05,0.199587126516061,0.05638832183946389,0.09110184840585235
20002_1278,2178,0.0001507368599379304,0.0001120192253639294,383839,2.016057724393442e-05,0.03894939874645987,0.17010520539808402,0.12641269923568701
20002_1278,6138_1,4.1005400263670384e-05,7.75834753118502e-05,383839,2.016057724393442e-05,0.028483556254884992,0.054111860768220076,0.1023813006822165
20002_1278,H25,4.287700686203579e-05,1.7682337089727247e-05,383839,2.016057724393442e-05,8.832780416192719e-05,1.016071482246444,0.4190245488485431
20002_1278,H26,6.527994549466818e-05,2.1764987872328113e-05,383839,2.016057724393442e-05,0.00020778995052692122,1.0085931909398405,0.33627507502608595
20002_1278,H7_LENS,9.951502132753136e-05,3.1554292183339037e-05,383839,2.016057724393442e-05,0.0004289508760089697,1.0701222141750377,0.3393150960278099
20002_1278,ICDMAIN_ANY_ENTRY,3.301941324776426e-05,4.5174327317547386e-05,383839,2.016057724393442e-05,0.002872901393455637,0.13720107375442178,0.18770673384151892
20002_1278,XXI_HEALTHFACTORS,1.2659539733338562e-05,3.750291988594981e-05,383839,2.016057724393442e-05,0.0007000881705451095,0.10655898254758286,0.3156728498656428
20002_1286,20116_2,0.0004087597377288761,0.0001105165806980342,383874,0.0007000167609632972,0.003422908156109732,0.264068299845119,0.07139628215776726
20002_1286,20127_irnt,0.005536082375344377,0.0005092474383643845,383874,0.0007000167609632972,0.0867180541473791,0.7105482304010696,0.06536117810992333
20002_1286,2090,0.002694247566383285,0.00021002882654873212,383874,0.0007000167609632972,0.010680340986318272,0.9853504531751061,0.0768125401695873
20002_1286,21001_irnt,0.001055765189315349,0.0005008421803998101,383874,0.0007000167609632972,0.199587126516061,0.08931961782462233,0.042372141643324805
20002_1286,2178,0.002404665826369682,0.0002980705516865097,383874,0.0007000167609632972,0.03894939874645987,0.4605217360332401,0.05708400993508947
20002_1286,6138_1,-0.0006037978612111963,0.0001887530179303139,383874,0.0007000167609632972,0.028483556254884992,-0.13521978632035123,0.042271005565769945
20002_1286,ICDMAIN_ANY_ENTRY,0.0007138237087429796,0.00011691695070602201,383874,0.0007000167609632972,0.002872901393455637,0.5033573204482119,0.0824447301225027
20002_1286,KRA_PSY_ANYMENTAL,0.00011469912693583731,3.0334320452538584e-05,383836,0.0007000167609632972,5.623130641218968e-05,0.5781184186090218,0.1528941835748324
20002_1286,XXI_HEALTHFACTORS,0.00021679688178678582,7.65087899330579e-05,383874,0.0007000167609632972,0.0007000881705451095,0.30968662018095583,0.10929008006584538
20002_1294,20116_2,8.209809086376031e-05,4.622034521274241e-05,383846,3.28867464473953e-05,0.003422908156109732,0.24469493501071282,0.13776062572238348
20002_1294,20127_irnt,0.0008653807253430002,0.00020479481585795553,383846,3.28867464473953e-05,0.0867180541473791,0.5124387944461166,0.12127010167168849
20002_1294,2090,0.0003654713906245161,8.178695283661101e-05,383846,3.28867464473953e-05,0.010680340986318272,0.6166665216056164,0.13800061239346784
20002_1294,21001_irnt,0.0007667395500165342,0.00024569859111428467,383846,3.28867464473953e-05,0.199587126516061,0.2992754881475377,0.09590162108020144
20002_1294,2178,0.0005571613719976392,0.00013670547365869206,383846,3.28867464473953e-05,0.03894939874645987,0.4922890379159915,0.12078835591921219
20002_1294,6138_1,-0.00037246419044593087,9.517425547661537e-05,383846,3.28867464473953e-05,0.028483556254884992,-0.38483712756853694,0.09833586163610457
20002_1294,ICDMAIN_ANY_ENTRY,0.0001782615802489155,5.128557292082507e-05,383846,3.28867464473953e-05,0.002872901393455637,0.5799451717895927,0.1668493028972603
20002_1294,M13_DORSALGIA,0.00012006683114549627,2.081705825666809e-05,383846,3.28867464473953e-05,0.00022608162120958764,1.3924511375929798,0.2414216830267708
20002_1294,M54,0.00012006683114549627,2.081705825666809e-05,383846,3.28867464473953e-05,0.00022608162120958764,1.3924511375929798,0.2414216830267708
20002_1294,XXI_HEALTHFACTORS,0.00010661674173019209,4.029059567540175e-05,383846,3.28867464473953e-05,0.0007000881705451095,0.7026492409032629,0.26553199814062933
20002_1387,20116_2,-0.00025566156508228204,8.672745001508197e-05,383874,0.0010358383021917019,0.003422908156109732,-0.13577563329618172,0.0460588373781209
20002_1387,20127_irnt,0.00025259041179092413,0.0004222863580907297,383874,0.0010358383021917019,0.0867180541473791,0.026651159956248654,0.04455601143773154
20002_1387,2090,0.00043670643342682154,0.00017801707979069276,383874,0.0010358383021917019,0.010680340986318272,0.13129586468666954,0.05352086580613983
20002_1387,21001_irnt,-0.001741941342232267,0.0005720560214591969,383874,0.0010358383021917019,0.199587126516061,-0.12114940368770799,0.03978563697611782
20002_1387,2178,-0.00041515192178864313,0.0002649333748592447,383874,0.0010358383021917019,0.03894939874645987,-0.06535979641165936,0.04171001152746623
20002_1387,6138_1,0.000827642169256019,0.00019197134684333154,383874,0.0010358383021917019,0.028483556254884992,0.1523700190144282,0.03534217909055761
20002_1387,6152_9,0.0030608854681679837,0.0004001661365263389,383874,0.0010358383021917019,0.01002127638175884,0.9500349372281977,0.1242032132039207
20002_1387,ICDMAIN_ANY_ENTRY,-8.464412274408592e-05,9.090637416872449e-05,383874,0.0010358383021917019,0.002872901393455637,-0.049067108431528624,0.05269725497586982
20002_1387,XXI_HEALTHFACTORS,3.1738509538304003e-06,8.419838112022237e-05,383874,0.0010358383021917019,0.0007000881705451095,0.003727041044441462,0.09887383713840359
20002_1398,20116_2,9.424052019424142e-05,4.03266372979387e-05,383839,2.0182727706855018e-05,0.003422908156109732,0.35855032546977444,0.15342794053423522
20002_1398,20127_irnt,0.00035749337646549524,0.0001713000458360266,383839,2.0182727706855018e-05,0.0867180541473791,0.2702236196736176,0.1294830099895165
20002_1398,2090,0.0002935912671675329,6.597951943918947e-05,383839,2.0182727706855018e-05,0.010680340986318272,0.6323545440113362,0.14211066061868774
20002_1398,21001_irnt,4.3261041587207376e-05,0.0002101358542258248,383839,2.0182727706855018e-05,0.199587126516061,0.021554640226377045,0.10469934542305254
20002_1398,2178,0.00026601146447399293,0.000106216965832203,383839,2.0182727706855018e-05,0.03894939874645987,0.30002679632128887,0.1197991072926832
20002_1398,6138_1,5.594387368382232e-05,8.023137147398543e-05,383839,2.0182727706855018e-05,0.028483556254884992,0.0737845611384044,0.10581742278336713
20002_1398,ICDMAIN_ANY_ENTRY,0.000176977016940723,4.8221226654895656e-05,383839,2.0182727706855018e-05,0.002872901393455637,0.7349648682215556,0.2002571187295342
20002_1398,J18,2.441132185130832e-05,1.4564935601168001e-05,383839,2.0182727706855018e-05,2.2918106621751656e-05,1.135042173506938,0.6772192125619076
20002_1398,PNEUMONIA,3.248497623935422e-05,1.4716763908529704e-05,383839,2.0182727706855018e-05,3.3489864722507524e-05,1.2494990385960585,0.5660642082500903
20002_1398,XXI_HEALTHFACTORS,0.00010374795023810319,3.673354030791e-05,383839,2.0182727706855018e-05,0.0007000881705451095,0.8727969598806443,0.3090270432602922
20002_1412,20116_2,2.5362670374878698e-05,2.5393752005395426e-05,383829,3.0195386643296827e-06,0.003422908156109732,0.24947501466071842,0.24978074312362195
20002_1412,20127_irnt,0.00011398027530581634,0.00012069978752637127,383829,3.0195386643296827e-06,0.0867180541473791,0.22274329612756805,0.23587474625225027
20002_1412,2090,0.0001363612536836248,5.013185097361967e-05,383829,3.0195386643296827e-06,0.010680340986318272,0.7593257516051031,0.27915851747900183
20002_1412,21001_irnt,0.00023843412217733852,0.0001545141656005075,383829,3.0195386643296827e-06,0.199587126516061,0.3071367941531925,0.19903604836600783
20002_1412,2178,0.00027088350393355046,8.464645908155339e-05,383829,3.0195386643296827e-06,0.03894939874645987,0.7898813904816366,0.2468244165029913
20002_1412,6138_1,-9.660632768789253e-05,5.821404739616245e-05,383829,3.0195386643296827e-06,0.028483556254884992,-0.3294110553208476,0.19849994556486017
20002_1412,BRONCHITIS,8.898199549228068e-06,7.3683053548771644e-06,383829,3.0195386643296827e-06,2.63652091629786e-05,0.9972779869123524,0.825812985044247
20002_1412,ICDMAIN_ANY_ENTRY,9.687080785341201e-05,3.0201982384820696e-05,383829,3.0195386643296827e-06,0.002872901393455637,1.0400692681149788,0.3242685222790318
20002_1412,XXI_HEALTHFACTORS,3.825861935167799e-05,2.4165096763012126e-05,383829,3.0195386643296827e-06,0.0007000881705451095,0.8321136117633302,0.5255836798825427
20002_1458,20116_2,5.858304282933207e-05,3.8975233575731556e-05,383836,9.679858496611413e-05,0.003422908156109732,0.10177469227097967,0.06771059016029024
20002_1458,20127_irnt,0.0004768639418967885,0.0001593036991210897,383836,9.679858496611413e-05,0.0867180541473791,0.16459067184826046,0.05498403331138901
20002_1458,2090,0.0002569709098950319,6.44280626328608e-05,383836,9.679858496611413e-05,0.010680340986318272,0.25273005898621353,0.06336479127626411
20002_1458,21001_irnt,0.00048503971337699505,0.00019311490900185578,383836,9.679858496611413e-05,0.199587126516061,0.11035106564451802,0.043935445722225776
20002_1458,2178,0.0005568069452078909,0.00010753769449988132,383836,9.679858496611413e-05,0.03894939874645987,0.28676078487155254,0.05538291852043908
20002_1458,6138_1,-0.00017550723438689367,7.79579705984712e-05,383836,9.679858496611413e-05,0.028483556254884992,-0.10569718298415447,0.046949277687639734
20002_1458,ICDMAIN_ANY_ENTRY,0.00017526700993180457,4.684304080563387e-05,383836,9.679858496611413e-05,0.002872901393455637,0.3323573697201333,0.08882806774595524
20002_1458,K57,0.0001830723506006157,2.3700360280392373e-05,383836,9.679858496611413e-05,0.0004700505269821456,0.8582542871628626,0.11110872696623783
20002_1458,XXI_HEALTHFACTORS,7.097214274041179e-05,3.136759965117497e-05,383836,9.679858496611413e-05,0.0007000881705451095,0.2726321341978206,0.12049538463058423
20002_1465,20116_2,0.0008131704511750695,0.0001354451142020042,383874,0.0008276996746533312,0.003422908156109732,0.48311172026582605,0.08046913415160953
20002_1465,20127_irnt,0.0014804303248372812,0.0005121914067417667,383874,0.0008276996746533312,0.0867180541473791,0.17474180528003855,0.060456240027923096
20002_1465,2090,0.0010153673062648731,0.00023348349735898772,383874,0.0008276996746533312,0.010680340986318272,0.3415027647570518,0.07852848853933851
20002_1465,21001_irnt,0.007460657918525547,0.0006029505782098321,383874,0.0008276996746533312,0.199587126516061,0.5804629068825152,0.04691147203856
20002_1465,2178,0.0037867588418359485,0.000315951280329311,383874,0.0008276996746533312,0.03894939874645987,0.666930957525466,0.05564592273303079
20002_1465,6138_1,-0.0021505363635347533,0.00022714955061667888,383874,0.0008276996746533312,0.028483556254884992,-0.4429077631966517,0.046781956855356396
20002_1465,ICDMAIN_ANY_ENTRY,0.001100709687334395,0.00012461578541203016,383874,0.0008276996746533312,0.002872901393455637,0.7137991664831738,0.0808120840411301
20002_1465,KNEE_ARTHROSIS,0.0006044391521585411,7.166979840450094e-05,383874,0.0008276996746533312,0.000538985656247528,0.9049562663379881,0.10730283262048114
20002_1465,M13_ARTHROSIS,0.0009356307800953498,0.00010098604387178045,383874,0.0008276996746533312,0.0013416432226049124,0.8878704208870838,0.09583109404226926
20002_1465,M16,0.00020799462161330955,5.27177370473622e-05,383868,0.0008276996746533312,0.0002798488802677867,0.43216931323320185,0.10953642953962404
20002_1465,M17,0.0006044391521585411,7.166979840450094e-05,383874,0.0008276996746533312,0.000538985656247528,0.9049562663379881,0.10730283262048114
20002_1465,XXI_HEALTHFACTORS,0.00027704998956717627,9.643598920474826e-05,383874,0.0008276996746533312,0.0007000881705451095,0.36395306088655455,0.12668534478389
20002_1471,20116_2,6.902108955610676e-06,2.9403043022371848e-05,383830,1.4285396357153119e-05,0.003422908156109732,0.03121318168198719,0.1329684201977912
20002_1471,20127_irnt,0.00018559688095689527,0.00012968289673666766,383830,1.4285396357153119e-05,0.0867180541473791,0.16675150564641983,0.11651498762229126
20002_1471,2090,0.00012678440715385714,4.610491509170714e-05,383830,1.4285396357153119e-05,0.010680340986318272,0.3245840222004793,0.11803437914504307
20002_1471,21001_irnt,0.00022036170130835077,0.00015069333020468765,383830,1.4285396357153119e-05,0.199587126516061,0.1305039649573987,0.0892445328184667
20002_1471,2178,6.181157454625237e-05,7.625986255932659e-05,383830,1.4285396357153119e-05,0.03894939874645987,0.08286540940111192,0.10223497424616672
20002_1471,6138_1,2.3439403933171678e-05,6.503770827848421e-05,383830,1.4285396357153119e-05,0.028483556254884992,0.036745428006647825,0.1019581570452089
20002_1471,CARDIAC_ARRHYTM,7.261941155013249e-05,1.98970232662123e-05,383830,1.4285396357153119e-05,0.00022988222391223366,1.2672254405406556,0.3472076340988686
20002_1471,I48,6.820362374939259e-05,1.880114955062961e-05,383830,1.4285396357153119e-05,0.00019898087439461782,1.2792506169557776,0.3526408252220611
20002_1471,ICDMAIN_ANY_ENTRY,5.7314586077403196e-05,3.5962532218014775e-05,383830,1.4285396357153119e-05,0.002872901393455637,0.28291674511746706,0.17751855605416533
20002_1471,XXI_HEALTHFACTORS,3.980493728066557e-05,2.579118914033593e-05,383830,1.4285396357153119e-05,0.0007000881705451095,0.3980287355280222,0.2578985196964068
20002_1502,20116_2,-1.4572991336258971e-05,3.283094464797603e-05,383831,3.2487346934837107e-06,0.003422908156109732,-0.1381955187418485,0.3113354919194426
20002_1502,20127_irnt,-0.00013318417865838792,0.00014553318774662558,383831,3.2487346934837107e-06,0.0867180541473791,-0.25092316191190134,0.27418908161883077
20002_1502,2090,0.00010013378161511432,4.5620310808793294e-05,383831,3.2487346934837107e-06,0.010680340986318272,0.5375649390466077,0.24491114990023108
20002_1502,21001_irnt,0.00015979340590731018,0.00015495836747687303,383831,3.2487346934837107e-06,0.199587126516061,0.19844285546496798,0.19243835967885672
20002_1502,2178,3.357210704000964e-05,8.261468674794783e-05,383831,3.2487346934837107e-06,0.03894939874645987,0.0943780711028369,0.23224681044726525
20002_1502,6138_1,1.835386372633433e-05,6.015422178158934e-05,383831,3.2487346934837107e-06,0.028483556254884992,0.06033554972945064,0.19774790168742118
20002_1502,ICDMAIN_ANY_ENTRY,3.086956172326119e-05,3.26428454423997e-05,383831,3.2487346934837107e-06,0.002872901393455637,0.31953098663207957,0.3378862552113534
20002_1502,K11_APPENDIX,1.300343055276985e-05,6.9877187697547214e-06,383831,3.2487346934837107e-06,1.9919504902879905e-05,1.616447297505953,0.8686384008638123
20002_1502,K35,1.1165298685683006e-05,6.474461708623216e-06,383827,3.2487346934837107e-06,1.4645527096876975e-05,1.6186789499178695,0.93862915581793
20002_1502,XXI_HEALTHFACTORS,-2.840768002111339e-05,2.4956081445446273e-05,383831,3.2487346934837107e-06,0.0007000881705451095,-0.5956652633585711,0.5232905614098463
20116_2,20127_irnt,0.002470980118224588,0.0009435758269673545,383874,0.003422908156109732,0.0867180541473791,0.1434223604277322,0.05476768969045474
20116_2,2090,0.0016163066811790386,0.00030737327144400947,383874,0.003422908156109732,0.010680340986318272,0.26732131313438556,0.050836532139362504
20116_2,21001_irnt,0.008692611445234179,0.0009362286607790085,383874,0.003422908156109732,0.199587126516061,0.33257253546011795,0.03581937849717352
20116_2,2178,0.005355214676358813,0.00047616385077339394,383874,0.003422908156109732,0.03894939874645987,0.4637980123870614,0.04123902792061895
20116_2,22127,-7.752591488251947e-05,0.0002948604296177272,383874,0.003422908156109732,0.006450149921861154,-0.01649925642986572,0.06275292393073337
20116_2,6138_1,-0.004915011671332893,0.0003399906247439237,383874,0.003422908156109732,0.028483556254884992,-0.4977712676953519,0.03443278990981976
20116_2,6150_4,0.0012966700414847794,0.0003130452889382258,383874,0.003422908156109732,0.016914632149741197,0.17041215759357475,0.04114132462826186
20116_2,6152_8,0.00033991877904161234,0.00021077164764978125,383874,0.003422908156109732,0.004787490175587827,0.08396989055428515,0.052066767934971496
20116_2,6152_9,-0.000915942175439957,0.00020846758380868994,383874,0.003422908156109732,0.01002127638175884,-0.1563899763248981,0.0355942125720871
20116_2,BRONCHITIS,0.00016631586753545848,3.335137209132486e-05,383836,0.003422908156109732,2.63652091629786e-05,0.5536310660877618,0.11101980803168535
20116_2,C18,3.4822261466918754e-05,2.937011696701838e-05,383827,0.003422908156109732,1.6962102787526098e-05,0.14451718839211236,0.12189003666098036
20116_2,C3_BREAST_3,2.5747493092142925e-05,6.0354128422326076e-05,383869,0.003422908156109732,0.00018365813177128058,0.032473735279481095,0.07612096379233563
20116_2,C3_COLON,2.436354684545417e-05,2.8593499507540736e-05,383827,0.003422908156109732,1.0613096790424688e-05,0.127826773676401,0.15001981498636588
20116_2,C3_OTHER_SKIN,-6.811640900788376e-05,9.238213108457422e-05,383874,0.003422908156109732,0.00077888952708506,-0.04171729968366668,0.05657862920261855
20116_2,C3_PROSTATE,9.30248841969055e-05,5.334873081520662e-05,383846,0.003422908156109732,0.00013503761948304083,0.1368277319726389,0.07846917417937915
20116_2,C44,7.092811164006087e-05,6.709435892203335e-05,383869,0.003422908156109732,0.0003989221767231898,0.0606983218803977,0.05741750203185049
20116_2,C50,4.9283084377911405e-05,5.731164795944943e-05,383866,0.003422908156109732,0.00015570240882813754,0.06750758803294825,0.07850505236782497
20116_2,C61,5.5987915947920996e-05,3.9112562445401825e-05,383838,0.003422908156109732,5.921256483686959e-05,0.12436258542097356,0.08687837912513097
20116_2,CARDIAC_ARRHYTM,0.00013424474178136097,5.718645689411859e-05,383867,0.003422908156109732,0.00022988222391223366,0.15133764300041488,0.0644678032305795
20116_2,COLITNONINFNAS,0.0001964024660097875,6.181122091410142e-05,383868,0.003422908156109732,0.00011828082033521322,0.3086683847939121,0.09714322894878813
20116_2,C_STROKE,0.00015797816161354015,5.1271318879918684e-05,383844,0.003422908156109732,3.0797879154429984e-05,0.4865629402978874,0.15791248241127565
20116_2,D3_ANAEMIA_IRONDEF,5.8004933611183414e-05,3.907224505772829e-05,383833,0.003422908156109732,4.298308522605289e-05,0.15122323295550918,0.10186428720125967
20116_2,D3_OTHERANAEMIA,1.7330970861824936e-05,4.697285593796564e-05,383836,0.003422908156109732,5.298828790956294e-05,0.04069446331232204,0.11029590770665276
20116_2,D50,5.8004933611183414e-05,3.907224505772829e-05,383833,0.003422908156109732,4.298308522605289e-05,0.15122323295550918,0.10186428720125967
20116_2,D64,1.7330970861824936e-05,4.697285593796564e-05,383836,0.003422908156109732,5.298828790956294e-05,0.04069446331232204,0.11029590770665276
20116_2,G47,0.00010223094973696536,3.432854943864554e-05,383831,0.003422908156109732,3.974735230274218e-05,0.2771600750244814,0.09306871708007129
20116_2,G56,0.00026011756898079925,7.001435653157237e-05,383867,0.003422908156109732,0.00037336800103821385,0.2300930580192307,0.061932830845375694
20116_2,G6_CARPTU,0.0002123127222785977,6.470965328953807e-05,383863,0.003422908156109732,0.0003362491645898389,0.19790090888549455,0.06031715415932823
20116_2,H02,0.0001218060350881713,3.379963144876647e-05,383838,0.003422908156109732,2.9576374257850733e-05,0.3828236123686405,0.1062287020390998
20116_2,H25,0.0001225118498675217,6.348105563167365e-05,383850,0.003422908156109732,8.832780416192719e-05,0.22280850131475938,0.11545102683917376
20116_2,H26,0.00010977472389389312,6.901931503644143e-05,383874,0.003422908156109732,0.00020778995052692122,0.13016447183057894,0.08183908252422865
20116_2,H33,-2.794632289351879e-05,2.8996277911833908e-05,383830,0.003422908156109732,4.284537445111342e-05,-0.07297516373916237,0.07571687110697034
20116_2,H7_EYELIDDIS,0.00012162041449449792,3.3896605170666456e-05,383838,0.003422908156109732,2.9728709330602885e-05,0.38125963581729927,0.10626018170161498
20116_2,H7_LENS,0.00020748970468703964,0.0001010876777843329,383874,0.003422908156109732,0.0004289508760089697,0.17123602979153724,0.08342511562558777
20116_2,H7_RETINALDETACH,-3.221475707156431e-05,3.151402610929362e-05,383831,0.003422908156109732,5.0203231894693254e-05,-0.07771259288339698,0.07602219925817853
20116_2,I20,0.00021627901833338306,5.2540589825556006e-05,383851,0.003422908156109732,0.00016957517798814564,0.28388054202776997,0.06896300544117727
20116_2,I21,0.00015327751250895097,4.4839498133302655e-05,383846,0.003422908156109732,0.00016946501646097404,0.20125227182325137,0.05887393864259521
20116_2,I25,0.0002336421150927024,7.000547910975708e-05,383874,0.003422908156109732,0.0006193745241864987,0.16046371288753256,0.04807925615621634
20116_2,I48,6.404037750099454e-05,4.9755039323941544e-05,383849,0.003422908156109732,0.00019898087439461782,0.07759801156590437,0.06028840346641123
20116_2,I63,5.008006237064921e-05,2.9772268652465368e-05,383828,0.003422908156109732,1.393974904847061e-05,0.2292660561361373,0.13629716683772972
20116_2,I80,4.711820618195894e-05,3.099530422344727e-05,383827,0.003422908156109732,2.96643724572816e-05,0.1478677765105323,0.09727039904892473
20116_2,I9_CHD,0.0002743196590239518,5.682357505038014e-05,383870,0.003422908156109732,0.0003523141830101117,0.24980104207786732,0.051744699277770256
20116_2,I9_CORATHER,0.0002560423677349101,7.011907597535116e-05,383874,0.003422908156109732,0.0006934524213181316,0.1661903785500328,0.04551245125176709
20116_2,I9_DVTANDPULM,2.2067203428805533e-05,3.972889424235533e-05,383836,0.003422908156109732,8.743653443339956e-05,0.04033696400097252,0.07262102703781867
20116_2,I9_IHD,0.0004779734961401682,8.53242613384387e-05,383874,0.003422908156109732,0.0012171671506362486,0.23416990558901585,0.041802263898363425
20116_2,I9_MI,0.00016151511526705744,4.834612246034688e-05,383851,0.003422908156109732,0.00020239498679306978,0.19405090522644566,0.058085020786487196
20116_2,I9_STR,0.00011199987418625654,3.812059568860822e-05,383833,0.003422908156109732,1.2824283061437799e-05,0.534568500117488,0.1819472549313369
20116_2,I9_UAP,0.00013659911603290632,3.451413186535651e-05,383832,0.003422908156109732,5.63420769606543e-05,0.31105260265311324,0.07859282590412733
20116_2,I9_VTE,3.6485077149819235e-05,4.1172064868155537e-05,383838,0.003422908156109732,9.488511714299935e-05,0.06402043146696973,0.07224469737097548
20116_2,ICDMAIN_ANY_ENTRY,0.00164033517137722,0.00016089244946112507,383874,0.003422908156109732,0.002872901393455637,0.5230878274250579,0.0513071250963025
20116_2,J18,0.0002038532931990467,4.457228829436894e-05,383840,0.003422908156109732,2.2918106621751656e-05,0.7278313211190247,0.15913948195535108
20116_2,K11_APPENDIX,-3.183988407520965e-05,3.6985245762798105e-05,383831,0.003422908156109732,1.9919504902879905e-05,-0.12193674137347402,0.1416418582605343
20116_2,K11_GALLBILPANC,0.00026942215329234725,8.239719800622823e-05,383874,0.003422908156109732,0.0003423088791663727,0.24890097477607573,0.07612121962485281
20116_2,K11_HERNIA,0.00041887588390997324,0.00012717789481588685,383874,0.003422908156109732,0.00077219491564964,0.25764651074568856,0.0782258948341315
20116_2,K20,0.0001442556572606549,4.1064559839525234e-05,383839,0.003422908156109732,1.8001106473684757e-05,0.58114650508415,0.16543216319369944
20116_2,K21,0.0002835310256122566,6.105757760665484e-05,383872,0.003422908156109732,0.00018217244900860908,0.3590555278917265,0.07732155841501606
20116_2,K35,-4.0277563690622467e-05,3.207462267233262e-05,383827,0.003422908156109732,1.4645527096876975e-05,-0.17989250385025804,0.14325554114688305
20116_2,K40,4.538959485041965e-05,0.00010672725337753798,383874,0.003422908156109732,0.000531306163992,0.03365784110826598,0.07914168319723623
20116_2,K51,2.4815717356956655e-05,2.969355557024225e-05,383826,0.003422908156109732,3.924921530740554e-05,0.06770390549344917,0.08101195106207922
20116_2,K57,0.00019291454178275706,6.672284748244017e-05,383874,0.003422908156109732,0.0004700505269821456,0.15208804265945713,0.05260229312156929
20116_2,K80,0.00018161448136189547,7.329685820215813e-05,383871,0.003422908156109732,0.0002372930349771275,0.2015163814956185,0.08132896412849243
20116_2,KNEE_ARTHROSIS,0.000455644182482338,8.957513718550176e-05,383874,0.003422908156109732,0.000538985656247528,0.3354591195172181,0.06594794316735782
20116_2,KRA_PSY_ANYMENTAL,0.00016831617573998672,3.792759456343638e-05,383836,0.003422908156109732,5.623130641218968e-05,0.38365348293996177,0.08645071508917514
20116_2,M13_ARTHROSIS,0.0007972892134603575,0.00012832692926811372,383874,0.003422908156109732,0.0013416432226049124,0.37204866015325144,0.05988273927420526
20116_2,M13_DORSALGIA,0.00045290041438556417,6.689576254734385e-05,383867,0.003422908156109732,0.00022608162120958764,0.5148402179865172,0.07604459585000231
20116_2,M13_SHOULDER,0.0002362970196913982,5.782463972297266e-05,383855,0.003422908156109732,0.00011478276898505447,0.3769834393322429,0.0922522492640122
20116_2,M16,0.00015522983001892582,7.519204153285916e-05,383868,0.003422908156109732,0.0002798488802677867,0.15860459745826186,0.07682675087597549
20116_2,M17,0.000455644182482338,8.957513718550176e-05,383874,0.003422908156109732,0.000538985656247528,0.3354591195172181,0.06594794316735782
20116_2,M54,0.00045290041438556417,6.689576254734385e-05,383867,0.003422908156109732,0.00022608162120958764,0.5148402179865172,0.07604459585000231
20116_2,M75,0.00023612334898538573,5.787583990281592e-05,383855,0.003422908156109732,0.00011472348339818012,0.37680369122703494,0.09235778757989623
20116_2,N20,0.00014908599973208244,4.622646177644519e-05,383833,0.003422908156109732,9.310670142415819e-05,0.264088061322358,0.081884661834591
20116_2,PNEUMONIA,0.00021370426311456014,4.6292374484171954e-05,383843,0.003422908156109732,3.3489864722507524e-05,0.6311881925838445,0.13672726858712914
20116_2,R51,0.0001728659813202972,4.8053540874618865e-05,383837,0.003422908156109732,3.8987504443007606e-05,0.47320485760295755,0.13154218541564477
20116_2,SLEEP,0.00010257807876596125,3.4285206729677554e-05,383831,0.003422908156109732,4.133536434252743e-05,0.27270685354954094,0.09114823520801292
20116_2,XXI_HEALTHFACTORS,0.0006546701333863583,0.00011155780235236727,383874,0.003422908156109732,0.0007000881705451095,0.4229105659638069,0.07206525992942334
20127_irnt,2090,0.02117303789804686,0.001401719574513553,383874,0.0867180541473791,0.010680340986318272,0.6957221870663952,0.04605892705289615
20127_irnt,21001_irnt,0.0011794280699786192,0.004675096804669866,383874,0.0867180541473791,0.199587126516061,0.008965002906470051,0.03553608525075547
20127_irnt,2178,0.02310575221269163,0.0025087144627467034,383874,0.0867180541473791,0.03894939874645987,0.39757124934669275,0.04316642600626833
20127_irnt,22127,0.0020369766034116815,0.0009952757763640127,383874,0.0867180541473791,0.006450149921861154,0.08612839893427383,0.042082716597100805
20127_irnt,6138_1,-0.009241077082321972,0.0013741959309856602,383874,0.0867180541473791,0.028483556254884992,-0.18593910023667315,0.027650105358948948
20127_irnt,6150_4,0.003983126195580136,0.0017901933564225775,383874,0.0867180541473791,0.016914632149741197,0.10400112216938362,0.046742711334308164
20127_irnt,6152_8,0.002029196828212448,0.0007582769188648929,383874,0.0867180541473791,0.004787490175587827,0.09958993864458238,0.037215094551414994
20127_irnt,6152_9,0.0024880033804632893,0.0008870651278833127,383874,0.0867180541473791,0.01002127638175884,0.08439849144245132,0.030091180418981515
20127_irnt,BRONCHITIS,0.00039023472846500424,0.0001852179248463175,383836,0.0867180541473791,2.63652091629786e-05,0.2580807092929634,0.12249338649621277
20127_irnt,C18,-1.86316905661589e-05,0.00010851051705121371,383827,0.0867180541473791,1.6962102787526098e-05,-0.015362350000365952,0.08946995634895226
20127_irnt,C3_BREAST_3,0.00017526403983612925,0.00025046599757360495,383869,0.0867180541473791,0.00018365813177128058,0.04391703126961418,0.06276086673398483
20127_irnt,C3_COLON,-5.123926343977415e-06,0.00010860000863765688,383827,0.0867180541473791,1.0613096790424688e-05,-0.005341055041634255,0.11320198315056763
20127_irnt,C3_OTHER_SKIN,-0.00013319317558720543,0.0004352250630355688,383874,0.0867180541473791,0.00077888952708506,-0.01620650170233955,0.052956735162220596
20127_irnt,C3_PROSTATE,0.0002725308942402354,0.0002595938587839697,383846,0.0867180541473791,0.00013503761948304083,0.07964042930467273,0.07585989990620183
20127_irnt,C44,2.1919926167200032e-05,0.0003295945851531977,383869,0.0867180541473791,0.0003989221767231898,0.0037268355952303858,0.05603781794585459
20127_irnt,C50,0.00023613377915433298,0.0002437438207075552,383866,0.0867180541473791,0.00015570240882813754,0.06426221486557077,0.06633323633137073
20127_irnt,C61,0.0003217338696104931,0.00019453858657326347,383838,0.0867180541473791,5.921256483686959e-05,0.14198258656264115,0.0858507428557388
20127_irnt,CARDIAC_ARRHYTM,0.00027171557776218066,0.0002553391637822342,383867,0.0867180541473791,0.00022988222391223366,0.06085651530296704,0.05718866712073797
20127_irnt,COLITNONINFNAS,0.001080110929877238,0.00024282447736739032,383868,0.0867180541473791,0.00011828082033521322,0.33725347615379275,0.07581943374713199
20127_irnt,C_STROKE,6.239105504394746e-05,0.00022413756171247467,383844,0.0867180541473791,3.0797879154429984e-05,0.0381774715595653,0.13715115703173908
20127_irnt,D3_ANAEMIA_IRONDEF,0.00042189968066282135,0.00015319789108899075,383833,0.0867180541473791,4.298308522605289e-05,0.2185272709163066,0.07935042045354375
20127_irnt,D3_OTHERANAEMIA,3.408164778931989e-05,0.00019489183394376768,383836,0.0867180541473791,5.298828790956294e-05,0.015899222174886846,0.09091780383089718
20127_irnt,D50,0.00042189968066282135,0.00015319789108899075,383833,0.0867180541473791,4.298308522605289e-05,0.2185272709163066,0.07935042045354375
20127_irnt,D64,3.408164778931989e-05,0.00019489183394376768,383836,0.0867180541473791,5.298828790956294e-05,0.015899222174886846,0.09091780383089718
20127_irnt,G47,0.00016651415660988124,0.0001702935167243962,383831,0.0867180541473791,3.974735230274218e-05,0.08968964350333862,0.09172532304099944
20127_irnt,G56,0.0007459250166046108,0.0002822645082310409,383867,0.0867180541473791,0.00037336800103821385,0.13109069416671595,0.04960585782611911
20127_irnt,G6_CARPTU,0.0006507744295164476,0.0002658304408849553,383863,0.0867180541473791,0.0003362491645898389,0.12051611162864369,0.049228810529306666
20127_irnt,H02,0.0002492320116780264,0.00017235210316940313,383838,0.0867180541473791,2.9576374257850733e-05,0.1556240073227988,0.10761910071321608
20127_irnt,H25,-0.00026769144522803713,0.00033773991395571145,383850,0.0867180541473791,8.832780416192719e-05,-0.09672327950224877,0.12203345560324338
20127_irnt,H26,0.0002013475577666435,0.00031389181630678595,383874,0.0867180541473791,0.00020778995052692122,0.04743286248072388,0.07394570622982241
20127_irnt,H33,-0.0001018845288330116,0.00013143154018753532,383830,0.0867180541473791,4.284537445111342e-05,-0.05285687800256951,0.06818563097807102
20127_irnt,H7_EYELIDDIS,0.0002495910978816593,0.0001727933162987192,383838,0.0867180541473791,2.9728709330602885e-05,0.15544841632041376,0.10761781007960391
20127_irnt,H7_LENS,-6.093080327860803e-05,0.00047594550527117394,383874,0.0867180541473791,0.0004289508760089697,-0.009990296137625674,0.07803666269241959
20127_irnt,H7_RETINALDETACH,-0.00015606044190021037,0.00014005957231141264,383831,0.0867180541473791,5.0203231894693254e-05,-0.07479494240068249,0.06712622056007526
20127_irnt,I20,0.001038437410565441,0.00029823678815009153,383851,0.0867180541473791,0.00016957517798814564,0.2707973578455207,0.07777236588520382
20127_irnt,I21,0.0005486498788416016,0.00020000384856738298,383846,0.0867180541473791,0.00016946501646097404,0.14312005565469374,0.05217272989935511
20127_irnt,I25,0.0012344300974304518,0.0003115180967053816,383874,0.0867180541473791,0.0006193745241864987,0.16843605875196987,0.04250615773885545
20127_irnt,I48,7.601550107779563e-05,0.00021425287198890454,383849,0.0867180541473791,0.00019898087439461782,0.018299605737400033,0.0515782048386425
20127_irnt,I63,7.183352444652211e-05,0.00013668687792803253,383828,0.0867180541473791,1.393974904847061e-05,0.06533485557225394,0.12432102554982856
20127_irnt,I80,2.8643512223683692e-05,0.00015243227797285408,383827,0.0867180541473791,2.96643724572816e-05,0.01785886789025354,0.09503959895940126
20127_irnt,I9_CHD,0.0008875491146822764,0.00025586510455053124,383870,0.0867180541473791,0.0003523141830101117,0.16057301782103894,0.046290432059618476
20127_irnt,I9_CORATHER,0.001280745096441084,0.00032391319746614717,383874,0.0867180541473791,0.0006934524213181316,0.16515799623732397,0.04177010304157306
20127_irnt,I9_DVTANDPULM,0.0002137218184096454,0.0001584532112892872,383836,0.0867180541473791,8.743653443339956e-05,0.0776153518430748,0.057543969241879066
20127_irnt,I9_IHD,0.0021137574700288066,0.0003940341497154996,383874,0.0867180541473791,0.0012171671506362486,0.20574310123598935,0.038353410504682064
20127_irnt,I9_MI,0.0005729636698429383,0.00022910158737611417,383851,0.0867180541473791,0.00020239498679306978,0.13676420575048315,0.05468566033559892
20127_irnt,I9_STR,2.3821875866760478e-05,0.0001674280023706591,383833,0.0867180541473791,1.2824283061437799e-05,0.022589397490122082,0.1587657377480175
20127_irnt,I9_UAP,0.0005120658048265196,0.00017321155302703217,383832,0.0867180541473791,5.63420769606543e-05,0.23166188548920194,0.07836202805291682
20127_irnt,I9_VTE,0.00013294391770402568,0.00017526679388001157,383838,0.0867180541473791,9.488511714299935e-05,0.04634625657899864,0.06110065010289308
20127_irnt,ICDMAIN_ANY_ENTRY,0.006348362458645197,0.0008055160071812393,383874,0.0867180541473791,0.002872901393455637,0.402204191915173,0.0510339346333114
20127_irnt,J18,0.00019723656330423038,0.0001794416261578811,383840,0.0867180541473791,2.2918106621751656e-05,0.13990824110670624,0.12728553913379714
20127_irnt,K11_APPENDIX,0.00032572754932928724,0.00021137222304344505,383831,0.0867180541473791,1.9919504902879905e-05,0.24783375653630232,0.1608251195582124
20127_irnt,K11_GALLBILPANC,0.0011166127175622315,0.0004021421540013183,383874,0.0867180541473791,0.0003423088791663727,0.2049456597957322,0.07381009349724141
20127_irnt,K11_HERNIA,0.0013485344708915026,0.0004730683378414131,383874,0.0867180541473791,0.00077219491564964,0.1647949205022614,0.057810356953778515
20127_irnt,K20,0.00046940320591396943,0.00015649130322532633,383839,0.0867180541473791,1.8001106473684757e-05,0.3757004272397194,0.12525233901327704
20127_irnt,K21,0.0013596306470329443,0.00029528332798900556,383872,0.0867180541473791,0.00018217244900860908,0.34207775618175884,0.07429213109956756
20127_irnt,K35,0.00030883584265641424,0.00017680906742946812,383827,0.0867180541473791,1.4645527096876975e-05,0.27404408470251296,0.15689072432152543
20127_irnt,K40,0.0007490621684086022,0.0004254350622905275,383874,0.0867180541473791,0.000531306163992,0.11035465925606501,0.06267669535947532
20127_irnt,K51,8.655725146217396e-05,0.00011271616792170045,383826,0.0867180541473791,3.924921530740554e-05,0.04691732103081,0.06109644826298746
20127_irnt,K57,0.0011655079480887365,0.0002953577692744122,383874,0.0867180541473791,0.0004700505269821456,0.18255267678426854,0.046261676274702866
20127_irnt,K80,0.0007325371817899905,0.0003300867886149311,383871,0.0867180541473791,0.0002372930349771275,0.1614850847203081,0.07276639923489674
20127_irnt,KNEE_ARTHROSIS,0.0001474557791741562,0.0003882014090694499,383874,0.0867180541473791,0.000538985656247528,0.021568424989690586,0.05678239957294325
20127_irnt,KRA_PSY_ANYMENTAL,0.0007256330922247358,0.00017591780891129877,383836,0.0867180541473791,5.623130641218968e-05,0.3286042919061242,0.07966470610338522
20127_irnt,M13_ARTHROSIS,-3.6498583730649194e-05,0.000739605938710044,383874,0.0867180541473791,0.0013416432226049124,-0.003383784759177533,0.06856888808818787
20127_irnt,M13_DORSALGIA,0.0012104983072030004,0.0003659014213115626,383867,0.0867180541473791,0.00022608162120958764,0.2733863299771598,0.08263741147803123
20127_irnt,M13_SHOULDER,0.00037457065721667617,0.0002446063350606234,383855,0.0867180541473791,0.00011478276898505447,0.11872458008656966,0.07753085794915375
20127_irnt,M16,-0.0004930201190193695,0.0003970181674974307,383868,0.0867180541473791,0.0002798488802677867,-0.10008018357592437,0.08059235222520182
20127_irnt,M17,0.0001474557791741562,0.0003882014090694499,383874,0.0867180541473791,0.000538985656247528,0.021568424989690586,0.05678239957294325
20127_irnt,M54,0.0012104983072030004,0.0003659014213115626,383867,0.0867180541473791,0.00022608162120958764,0.2733863299771598,0.08263741147803123
20127_irnt,M75,0.00037484467722985915,0.0002448383850697943,383855,0.0867180541473791,0.00011472348339818012,0.11884212904840114,0.0776244581342259
20127_irnt,N20,0.0007589621865167046,0.00021531464972349344,383833,0.0867180541473791,9.310670142415819e-05,0.2671006262256479,0.07577541911626624
20127_irnt,PNEUMONIA,0.00020084144721804924,0.00018926581672630295,383843,0.0867180541473791,3.3489864722507524e-05,0.11785333682799413,0.11106078131598837
20127_irnt,R51,0.0003095394187736672,0.00022855285115053095,383837,0.0867180541473791,3.8987504443007606e-05,0.16834432554894513,0.12429943731127058
20127_irnt,SLEEP,0.00016446981370106235,0.00016854180276493013,383831,0.0867180541473791,4.133536434252743e-05,0.08687014639112826,0.08902090146357097
20127_irnt,XXI_HEALTHFACTORS,0.003136244780786069,0.00043639907642918684,383874,0.0867180541473791,0.0007000881705451095,0.40251198827340207,0.056008338701854114
2090,21001_irnt,0.006223806123360774,0.001427837316354467,383874,0.010680340986318272,0.199587126516061,0.13480227868744488,0.030925726159286897
2090,2178,0.00934903144979768,0.0008058763876464711,383874,0.010680340986318272,0.03894939874645987,0.4583779125944464,0.039511679724484855
2090,22127,0.0016130595514913893,0.0004532715383229637,383874,0.010680340986318272,0.006450149921861154,0.1943448055693617,0.054611107757339426
2090,6138_1,-0.0025861379405518006,0.0005063987291612217,383874,0.010680340986318272,0.028483556254884992,-0.1482729816278154,0.029033737252719804
2090,6150_4,0.0022615578974871657,0.0004780689381149438,383874,0.010680340986318272,0.016914632149741197,0.16826115763902572,0.035568593246212345
2090,6152_8,0.0013573412148585142,0.0003261710303205101,383874,0.010680340986318272,0.004787490175587827,0.18982024486292637,0.04561407563910593
2090,6152_9,0.0020562542727383254,0.00031970381219751,383874,0.010680340986318272,0.01002127638175884,0.19875713985187962,0.030902508582996608
2090,BRONCHITIS,0.00023623824078372932,6.293929187418793e-05,383836,0.010680340986318272,2.63652091629786e-05,0.4451865450661059,0.11860791802978406
2090,C18,-3.416614359158014e-05,4.781564197070044e-05,383827,0.010680340986318272,1.6962102787526098e-05,-0.08027190269767745,0.11234081919169074
2090,C3_BREAST_3,9.46623817202293e-05,9.958121798202147e-05,383869,0.010680340986318272,0.00018365813177128058,0.06758958608541582,0.07110166871966692
2090,C3_COLON,-6.313112938471705e-05,3.989699511825869e-05,383827,0.010680340986318272,1.0613096790424688e-05,-0.18751237605967735,0.11850224168612923
2090,C3_OTHER_SKIN,-0.00012129788164661886,0.00014091272021651152,383874,0.010680340986318272,0.00077888952708506,-0.04205549266880516,0.04885620252851367
2090,C3_PROSTATE,6.232526729245425e-05,0.00011274559119004763,383846,0.010680340986318272,0.00013503761948304083,0.05189723307139093,0.09388141403879816
2090,C44,3.2876225217771605e-05,0.000107578976505192,383869,0.010680340986318272,0.0003989221767231898,0.015927415058037988,0.05211836209805751
2090,C50,0.0001261450829422373,9.14024287572315e-05,383866,0.010680340986318272,0.00015570240882813754,0.0978205503087283,0.07087898847932804
2090,C61,6.48966436044764e-05,8.078681395065924e-05,383838,0.010680340986318272,5.921256483686959e-05,0.08160612198958007,0.10158766660703329
2090,CARDIAC_ARRHYTM,0.000244993126325809,9.59452690282375e-05,383867,0.010680340986318272,0.00022988222391223366,0.15635387373232792,0.061231981092013776
2090,COLITNONINFNAS,0.00039753299320025563,0.00010220105303025673,383868,0.010680340986318272,0.00011828082033521322,0.35369054931634314,0.09092967679482905
2090,C_STROKE,5.664300270811845e-05,0.00010586910223382792,383844,0.010680340986318272,3.0797879154429984e-05,0.09876277935543483,0.18459344110616696
2090,D3_ANAEMIA_IRONDEF,3.774149283625179e-05,6.806899354194105e-05,383833,0.010680340986318272,4.298308522605289e-05,0.05570288931754432,0.10046342442452097
2090,D3_OTHERANAEMIA,-4.401339383657764e-05,8.541546034175843e-05,383836,0.010680340986318272,5.298828790956294e-05,-0.05850626245536392,0.11354133151049062
2090,D50,3.774149283625179e-05,6.806899354194105e-05,383833,0.010680340986318272,4.298308522605289e-05,0.05570288931754432,0.10046342442452097
2090,D64,-4.401339383657764e-05,8.541546034175843e-05,383836,0.010680340986318272,5.298828790956294e-05,-0.05850626245536392,0.11354133151049062
2090,G47,0.00025847552749399665,5.401975306817436e-05,383831,0.010680340986318272,3.974735230274218e-05,0.39670965376098855,0.08290981256021342
2090,G56,0.00034034321668528447,0.00012996770619152408,383867,0.010680340986318272,0.00037336800103821385,0.1704339041926611,0.06508401666094933
2090,G6_CARPTU,0.0003111589120717055,0.00012333370271494693,383863,0.010680340986318272,0.0003362491645898389,0.1641946786829778,0.06508165732176074
2090,H02,7.407417101150958e-05,8.022802207923843e-05,383838,0.010680340986318272,2.9576374257850733e-05,0.13179586174193952,0.1427450508240132
2090,H25,-3.393643679963682e-05,8.719552571614795e-05,383850,0.010680340986318272,8.832780416192719e-05,-0.034940166071195856,0.08977448537614423
2090,H26,-4.533697948368348e-05,0.00015770189622198402,383874,0.010680340986318272,0.00020778995052692122,-0.03043320934145647,0.1058600479327378
2090,H33,-0.00012432604963460054,5.640879671218204e-05,383830,0.010680340986318272,4.284537445111342e-05,-0.18378819134621896,0.0833877594777468
2090,H7_EYELIDDIS,7.363723069001342e-05,8.059069490165445e-05,383838,0.010680340986318272,2.9728709330602885e-05,0.13068232750352493,0.1430224831404879
2090,H7_LENS,-8.080024527386514e-05,0.00019197097915562403,383874,0.010680340986318272,0.0004289508760089697,-0.03774994648862215,0.08968901227874385
2090,H7_RETINALDETACH,-0.000126274081945322,6.090048198023948e-05,383831,0.010680340986318272,5.0203231894693254e-05,-0.17244707102480009,0.08316916329701322
2090,I20,0.000540280693225633,8.530723602994071e-05,383851,0.010680340986318272,0.00016957517798814564,0.40146320596533386,0.06338874754926481
2090,I21,0.00018490772259380087,8.040719731757842e-05,383846,0.010680340986318272,0.00016946501646097404,0.13744294789057618,0.059767121004591896
2090,I25,0.0005858160987660838,0.00011274079712612544,383874,0.010680340986318272,0.0006193745241864987,0.22776766732541037,0.04383407767030045
2090,I48,0.0001800071969630421,7.902688316747266e-05,383849,0.010680340986318272,0.00019898087439461782,0.1234785845590818,0.054209652948703634
2090,I63,9.680689161132125e-06,6.880956094165555e-05,383828,0.010680340986318272,1.393974904847061e-05,0.02508916678633765,0.17833178219286686
2090,I80,5.012874866831168e-05,4.4015030910591426e-05,383827,0.010680340986318272,2.96643724572816e-05,0.08905877596344765,0.0781971399850346
2090,I9_CHD,0.00039021106903397836,9.403205585989234e-05,383870,0.010680340986318272,0.0003523141830101117,0.20116015526353262,0.048475054803937434
2090,I9_CORATHER,0.0005969084372993486,0.00011363899733001291,383874,0.010680340986318272,0.0006934524213181316,0.21933443689392929,0.04175673173818667
2090,I9_DVTANDPULM,0.0001590513412633016,5.886998140830325e-05,383836,0.010680340986318272,8.743653443339956e-05,0.1645880533324878,0.0609192953844522
2090,I9_IHD,0.000942667252258093,0.00015215515149398517,383874,0.010680340986318272,0.0012171671506362486,0.26145126623584247,0.04220063540673117
2090,I9_MI,0.00015534497395469643,8.844234008474696e-05,383851,0.010680340986318272,0.00020239498679306978,0.105658580529581,0.06015445414277799
2090,I9_STR,3.0135372217655354e-05,7.545111763953779e-05,383833,0.010680340986318272,1.2824283061437799e-05,0.08142681601303983,0.2038715244543568
2090,I9_UAP,0.0002983978302046391,5.719443719336528e-05,383832,0.010680340986318272,5.63420769606543e-05,0.3846685455397961,0.07373009700858409
2090,I9_VTE,0.00014844136326842543,5.977217209990521e-05,383838,0.010680340986318272,9.488511714299935e-05,0.1474562978371434,0.05937552052522393
2090,ICDMAIN_ANY_ENTRY,0.0029152042140761377,0.0003039313865282047,383874,0.010680340986318272,0.002872901393455637,0.526279027976483,0.054868442458086655
2090,J18,0.00016074336288064592,9.368450267489825e-05,383840,0.010680340986318272,2.2918106621751656e-05,0.32490105598544283,0.18935894647884313
2090,K11_APPENDIX,5.311318077965337e-05,6.563507456183197e-05,383831,0.010680340986318272,1.9919504902879905e-05,0.11515173384935014,0.14229975546901621
2090,K11_GALLBILPANC,0.0006223603531002307,0.00011421333776378833,383874,0.010680340986318272,0.0003423088791663727,0.32549196867810926,0.05973311759472927
2090,K11_HERNIA,0.0008340099807169351,0.00029795170903150047,383874,0.010680340986318272,0.00077219491564964,0.29041244275653116,0.10375041743378052
2090,K20,0.0003469631948568929,6.699365217614353e-05,383839,0.010680340986318272,1.8001106473684757e-05,0.7913001510028079,0.15278879105628806
2090,K21,0.0006883884354082566,0.0001089202379376592,383872,0.010680340986318272,0.00018217244900860908,0.4935142056255436,0.0780862692303508
2090,K35,2.042918949625245e-05,5.870305115862967e-05,383827,0.010680340986318272,1.4645527096876975e-05,0.05165425168435982,0.14842792366990126
2090,K40,0.0004090964000228252,0.00021384218009748256,383874,0.010680340986318272,0.000531306163992,0.17173573429783248,0.08976941332370927
2090,K51,0.00011544637535463875,4.155924478553505e-05,383826,0.010680340986318272,3.924921530740554e-05,0.17830858497849628,0.06418885051799895
2090,K57,0.0007070657591901764,0.00012208251805912273,383874,0.010680340986318272,0.0004700505269821456,0.3155694661714089,0.05448646685550602
2090,K80,0.0004535277685528831,9.834130452330718e-05,383871,0.010680340986318272,0.0002372930349771275,0.28488450501971274,0.06177331533967239
2090,KNEE_ARTHROSIS,0.00022235478056356001,0.0001608499944924239,383874,0.010680340986318272,0.000538985656247528,0.0926755790054158,0.06704090793470575
2090,KRA_PSY_ANYMENTAL,0.00040825028447808673,6.946735040471458e-05,383836,0.010680340986318272,5.623130641218968e-05,0.5267988886138968,0.08963943046589613
2090,M13_ARTHROSIS,0.0004585321492169087,0.0002033013871736212,383874,0.010680340986318272,0.0013416432226049124,0.12113195070055471,0.05370679820493895
2090,M13_DORSALGIA,0.0006985898331932802,0.00010869380428709685,383867,0.010680340986318272,0.00022608162120958764,0.44956974061816773,0.0699486924634821
2090,M13_SHOULDER,0.0003870538965931773,9.101610997593162e-05,383855,0.010680340986318272,0.00011478276898505447,0.3495751366678128,0.08220294218417598
2090,M16,-3.0716195255497516e-05,9.905208883538523e-05,383868,0.010680340986318272,0.0002798488802677867,-0.017766957915802333,0.05729401962619796
2090,M17,0.00022235478056356001,0.0001608499944924239,383874,0.010680340986318272,0.000538985656247528,0.0926755790054158,0.06704090793470575
2090,M54,0.0006985898331932802,0.00010869380428709685,383867,0.010680340986318272,0.00022608162120958764,0.44956974061816773,0.0699486924634821
2090,M75,0.00038755646213309324,9.087789870949235e-05,383855,0.010680340986318272,0.00011472348339818012,0.3501194688250328,0.0820993190230324
2090,N20,0.0003105702441515368,0.00010251626353302181,383833,0.010680340986318272,9.310670142415819e-05,0.31144173769330424,0.10280393520562275
2090,PNEUMONIA,0.00017170643621814305,9.314272112015213e-05,383843,0.010680340986318272,3.3489864722507524e-05,0.28710272769261913,0.15573981900326114
2090,R51,0.0002652944125846147,7.221326316940317e-05,383837,0.010680340986318272,3.8987504443007606e-05,0.4111239955910982,0.11190814386038925
2090,SLEEP,0.00025968800259258587,5.370340687211438e-05,383831,0.010680340986318272,4.133536434252743e-05,0.39083949348059777,0.08082549879290761
2090,XXI_HEALTHFACTORS,0.001015479323901919,0.0002092101895434143,383874,0.010680340986318272,0.0007000881705451095,0.37136601402385205,0.07650924283261569
21001_irnt,2178,0.050600595295357105,0.002620489704215168,383874,0.199587126516061,0.03894939874645987,0.5739036467472945,0.029721164123356004
21001_irnt,22127,0.002855535692041448,0.0011322056247124947,383874,0.199587126516061,0.006450149921861154,0.07958595381090931,0.0315554327700949
21001_irnt,6138_1,-0.029690885517170848,0.0019192239281669284,383874,0.199587126516061,0.028483556254884992,-0.39378555577010615,0.025454365810794938
21001_irnt,6150_4,0.022983276501181548,0.0018412275083121887,383874,0.199587126516061,0.016914632149741197,0.3955618509069851,0.0316891005984888
21001_irnt,6152_8,0.005687196924095294,0.0007591259682705742,383874,0.199587126516061,0.004787490175587827,0.18398315230770337,0.024558036323540117
21001_irnt,6152_9,-0.004362547415970942,0.001226767738541168,383874,0.199587126516061,0.01002127638175884,-0.09754665411227585,0.02743055303639392
21001_irnt,BRONCHITIS,0.0010880868290254356,0.00021074728085787424,383836,0.199587126516061,2.63652091629786e-05,0.4743311867633788,0.091871351779899
21001_irnt,C18,-4.0982781619196295e-05,0.00013864088990887927,383827,0.199587126516061,1.6962102787526098e-05,-0.022273851698433524,0.07535034224526083
21001_irnt,C3_BREAST_3,-0.0003628583443183506,0.00031478994615449037,383869,0.199587126516061,0.00018365813177128058,-0.0599329659751589,0.051993554585717326
21001_irnt,C3_COLON,-0.00011798270428177104,0.00014531331190408074,383827,0.199587126516061,1.0613096790424688e-05,-0.08106455838123786,0.09984310436118232
21001_irnt,C3_OTHER_SKIN,-0.0010511605922120517,0.0004752475719804359,383874,0.199587126516061,0.00077888952708506,-0.0843072407878724,0.03811673666389084
21001_irnt,C3_PROSTATE,-0.0005141634774244738,0.0003120349931871407,383846,0.199587126516061,0.00013503761948304083,-0.09903930285852872,0.06010486848953535
21001_irnt,C44,-0.0005614804519055084,0.00035031145323943704,383869,0.199587126516061,0.0003989221767231898,-0.0629251541198981,0.03925942944273105
21001_irnt,C50,-8.629228585742343e-05,0.00029689296358873,383866,0.199587126516061,0.00015570240882813754,-0.01547953979227226,0.053258137714774965
21001_irnt,C61,-0.000328168710436133,0.00024044676075973083,383838,0.199587126516061,5.921256483686959e-05,-0.09546055852231955,0.06994323756979116
21001_irnt,CARDIAC_ARRHYTM,0.0009400955021532289,0.000278035051487291,383867,0.199587126516061,0.00022988222391223366,0.138788351414658,0.041046921661711235
21001_irnt,COLITNONINFNAS,0.0018070776196249313,0.0002682867993978582,383868,0.199587126516061,0.00011828082033521322,0.37192329478119335,0.055217390384737775
21001_irnt,C_STROKE,0.0014540552405596949,0.0002782799843556633,383844,0.199587126516061,3.0797879154429984e-05,0.5864813928293684,0.11224197559277255
21001_irnt,D3_ANAEMIA_IRONDEF,0.0008786838550529911,0.00018349032878496588,383833,0.199587126516061,4.298308522605289e-05,0.2999974695309344,0.06264668913891587
21001_irnt,D3_OTHERANAEMIA,0.0009722439382010762,0.00021875208601833965,383836,0.199587126516061,5.298828790956294e-05,0.2989640977759696,0.06726606097857574
21001_irnt,D50,0.0008786838550529911,0.00018349032878496588,383833,0.199587126516061,4.298308522605289e-05,0.2999974695309344,0.06264668913891587
21001_irnt,D64,0.0009722439382010762,0.00021875208601833965,383836,0.199587126516061,5.298828790956294e-05,0.2989640977759696,0.06726606097857574
21001_irnt,G47,0.0011092758102044923,0.0001821793519632239,383831,0.199587126516061,3.974735230274218e-05,0.3938394149205145,0.06468130714449435
21001_irnt,G56,0.003645230601027562,0.00040936822477489744,383867,0.199587126516061,0.00037336800103821385,0.4222699699261273,0.047421940306239904
21001_irnt,G6_CARPTU,0.003368633755806192,0.0003850907512970789,383863,0.199587126516061,0.0003362491645898389,0.41120361729439964,0.04700739866631179
21001_irnt,H02,0.0008344529966339733,0.00022528548536093946,383838,0.199587126516061,2.9576374257850733e-05,0.3434497062267366,0.09272449625859762
21001_irnt,H25,0.0002548330713898621,0.0003129724306281663,383850,0.199587126516061,8.832780416192719e-05,0.06069330801482747,0.07454029427445891
21001_irnt,H26,0.0011954434111721896,0.0003165095656909164,383874,0.199587126516061,0.00020778995052692122,0.18563099393683186,0.049148278137322025
21001_irnt,H33,-0.00026725029214331254,0.00016206717168665033,383830,0.199587126516061,4.284537445111342e-05,-0.09139026874999588,0.055421314069329916
21001_irnt,H7_EYELIDDIS,0.0008356159676475402,0.00022577581225318152,383838,0.199587126516061,2.9728709330602885e-05,0.343046063469989,0.09268791719985657
21001_irnt,H7_LENS,0.0014550257502849995,0.0004430015886094404,383874,0.199587126516061,0.0004289508760089697,0.1572536146435911,0.04787791631044498
21001_irnt,H7_RETINALDETACH,-0.0002173224247904066,0.00017019191035797828,383831,0.199587126516061,5.0203231894693254e-05,-0.06865504262397068,0.05376588665965315
21001_irnt,I20,0.0021440346964385557,0.0003254014649389245,383851,0.199587126516061,0.00016957517798814564,0.3685398082743694,0.055933513436137144
21001_irnt,I21,0.0017570653283982334,0.00025419551476953345,383846,0.199587126516061,0.00016946501646097404,0.30212148950252105,0.043708066117861225
21001_irnt,I25,0.0032792967834675674,0.0003816576524174298,383874,0.199587126516061,0.0006193745241864987,0.2949427947613319,0.0343266200282781
21001_irnt,I48,0.0007317590599632656,0.00026802647180550985,383849,0.199587126516061,0.00019898087439461782,0.11611709919572982,0.04253101617256946
21001_irnt,I63,0.0005841676510420585,0.0001608285520552698,383828,0.199587126516061,1.393974904847061e-05,0.35022227371730025,0.09642050715917248
21001_irnt,I80,0.0007176282056987096,0.00016720499169695527,383827,0.199587126516061,2.96643724572816e-05,0.2949277614123802,0.06871719019202328
21001_irnt,I9_CHD,0.003046709295906204,0.0003311167584131984,383870,0.199587126516061,0.0003523141830101117,0.363328688721671,0.03948660865337163
21001_irnt,I9_CORATHER,0.0035244981080388206,0.00039242119129516656,383874,0.199587126516061,0.0006934524213181316,0.2995868071556355,0.03335629872865714
21001_irnt,I9_DVTANDPULM,0.001251968426979006,0.00019048767115134927,383836,0.199587126516061,8.743653443339956e-05,0.2996957925517747,0.04559887641479856
21001_irnt,I9_IHD,0.005108288130087329,0.0004989927987626379,383874,0.199587126516061,0.0012171671506362486,0.32774344254964,0.03201495559945067
21001_irnt,I9_MI,0.0019464082966650625,0.00027183742348724823,383851,0.199587126516061,0.00020239498679306978,0.30624415521955667,0.04277037980959584
21001_irnt,I9_STR,0.001025541268689849,0.00019736511726629202,383833,0.199587126516061,1.2824283061437799e-05,0.6410181566851161,0.1233637568048387
21001_irnt,I9_UAP,0.0012075264737324322,0.00019783355717458245,383832,0.199587126516061,5.63420769606543e-05,0.3600924137024204,0.058995280570648935
21001_irnt,I9_VTE,0.0012788408435206282,0.00020373701893279723,383838,0.199587126516061,9.488511714299935e-05,0.29386724834547073,0.04681711367230385
21001_irnt,ICDMAIN_ANY_ENTRY,0.011696022286856239,0.0009008089753502511,383874,0.199587126516061,0.002872901393455637,0.4884403844217931,0.03761889909402208
21001_irnt,J18,0.0011315454798915086,0.00020991022511492223,383840,0.199587126516061,2.2918106621751656e-05,0.5290739558715647,0.0981472111842033
21001_irnt,K11_APPENDIX,7.72362001685878e-05,0.00020806423378779982,383831,0.199587126516061,1.9919504902879905e-05,0.03873605303122561,0.1043498667245854
21001_irnt,K11_GALLBILPANC,0.004361094909287733,0.0004919214429329511,383874,0.199587126516061,0.0003423088791663727,0.5276187165699975,0.05951417379630817
21001_irnt,K11_HERNIA,0.0008839227406248893,0.0006174398028346047,383874,0.199587126516061,0.00077219491564964,0.07120075115910168,0.04973531705528068
21001_irnt,K20,0.0007202088998173556,0.00020683598595526374,383839,0.199587126516061,1.8001106473684757e-05,0.37996414840932546,0.10912147750996332
21001_irnt,K21,0.002023019414760735,0.0003091403239998237,383872,0.199587126516061,0.00018217244900860908,0.3354999343359638,0.05126819725296909
21001_irnt,K35,9.241395243520973e-05,0.00017931269749586076,383827,0.199587126516061,1.4645527096876975e-05,0.05405287254900167,0.10487990318298149
21001_irnt,K40,-0.0021034460180169422,0.0004989295316107882,383874,0.199587126516061,0.000531306163992,-0.2042643991668512,0.04845075182730707
21001_irnt,K51,4.913246995313761e-05,0.00013979341275893213,383826,0.199587126516061,3.924921530740554e-05,0.017554434562419167,0.049946487910633
21001_irnt,K57,0.0015994472389124813,0.00037113780315880856,383874,0.199587126516061,0.0004700505269821456,0.16513205433067618,0.03831745517098715
21001_irnt,K80,0.003498535532260696,0.0004051576029629097,383871,0.199587126516061,0.0002372930349771275,0.5083672103270608,0.05887287365292518
21001_irnt,KNEE_ARTHROSIS,0.005715858018682248,0.0004703186844246818,383874,0.199587126516061,0.000538985656247528,0.5510951205751837,0.045345831064141154
21001_irnt,KRA_PSY_ANYMENTAL,0.00023731527955280147,0.00019187759977887435,383836,0.199587126516061,5.623130641218968e-05,0.07083866232207911,0.057275505072915
21001_irnt,M13_ARTHROSIS,0.008724025523752746,0.0007047179425854204,383874,0.199587126516061,0.0013416432226049124,0.5331288001100015,0.04306560430430055
21001_irnt,M13_DORSALGIA,0.0029897031587557215,0.000340276483081534,383867,0.199587126516061,0.00022608162120958764,0.4450708777446786,0.050656250791132416
21001_irnt,M13_SHOULDER,0.0016029002129273517,0.00027125366535476195,383855,0.199587126516061,0.00011478276898505447,0.3348897653222541,0.05667232158361104
21001_irnt,M16,0.0022812775397034113,0.00036995347283247875,383868,0.199587126516061,0.0002798488802677867,0.3052460657171356,0.04950157975744896
21001_irnt,M17,0.005715858018682248,0.0004703186844246818,383874,0.199587126516061,0.000538985656247528,0.5510951205751837,0.045345831064141154
21001_irnt,M54,0.0029897031587557215,0.000340276483081534,383867,0.199587126516061,0.00022608162120958764,0.4450708777446786,0.050656250791132416
21001_irnt,M75,0.001603791136515566,0.0002710026705275999,383855,0.199587126516061,0.00011472348339818012,0.3351624709725435,0.0566345097102405
21001_irnt,N20,0.00047882279592527594,0.00021564140634217421,383833,0.199587126516061,9.310670142415819e-05,0.11107545093825702,0.05002365521075753
21001_irnt,PNEUMONIA,0.001193298277912368,0.00021401913771064348,383843,0.199587126516061,3.3489864722507524e-05,0.46155775727949866,0.08278080597705433
21001_irnt,R51,0.0008845911134187787,0.00022140189033005575,383837,0.199587126516061,3.8987504443007606e-05,0.31711266738837063,0.07936926218492693
21001_irnt,SLEEP,0.0011086166850413012,0.00018250917799210844,383831,0.199587126516061,4.133536434252743e-05,0.385970633555155,0.06354151440235657
21001_irnt,XXI_HEALTHFACTORS,0.003197102293904976,0.0006260849680952131,383874,0.199587126516061,0.0007000881705451095,0.2704667606723012,0.05296520338093576
2178,22127,0.0034037743962741208,0.0006595985328153582,383874,0.03894939874645987,0.006450149921861154,0.21474619801891462,0.041614472832277885
2178,6138_1,-0.01951605571763148,0.00102716316674774,383874,0.03894939874645987,0.028483556254884992,-0.5859284214700909,0.03083840821078392
2178,6150_4,0.012583726838694477,0.0008066568505211691,383874,0.03894939874645987,0.016914632149741197,0.49026131366049963,0.03142730705133288
2178,6152_8,0.0041163504587908815,0.00041936181406442366,383874,0.03894939874645987,0.004787490175587827,0.301444952214916,0.030710335105564146
2178,6152_9,0.0001414814733894232,0.0006125835918962417,383874,0.03894939874645987,0.01002127638175884,0.007161230867736418,0.031006551050550234
2178,BRONCHITIS,0.0008793463334129449,0.00010547185274348109,383836,0.03894939874645987,2.63652091629786e-05,0.8677486916835033,0.10408079132185476
2178,C18,0.0001792307471804481,7.361313367158284e-05,383827,0.03894939874645987,1.6962102787526098e-05,0.22050695444903787,0.09056597804074427
2178,C3_BREAST_3,0.00018654097068703397,0.00015531868570593872,383869,0.03894939874645987,0.00018365813177128058,0.06974591436902791,0.05807219568579916
2178,C3_COLON,0.0001673611950558081,7.04070268596119e-05,383827,0.03894939874645987,1.0613096790424688e-05,0.2603054894683329,0.10950767639171027
2178,C3_OTHER_SKIN,-0.00040588291364142064,0.0002484348589595338,383874,0.03894939874645987,0.00077888952708506,-0.07369066202075181,0.04510495172490521
2178,C3_PROSTATE,0.00016900122428506839,0.00014631097096116854,383846,0.03894939874645987,0.00013503761948304083,0.07369059872235097,0.06379683398973818
2178,C44,-3.9229888567305166e-06,0.0001689105844536803,383869,0.03894939874645987,0.0003989221767231898,-0.0009952280444943714,0.04285114151467122
2178,C50,0.0003649747164379823,0.00014760701065403932,383866,0.03894939874645987,0.00015570240882813754,0.14820564135747696,0.059938923705031795
2178,C61,0.00011352951170124468,0.00011392474846228843,383838,0.03894939874645987,5.921256483686959e-05,0.07475692933893606,0.07501718489869968
2178,CARDIAC_ARRHYTM,0.00040189770400351235,0.00014709732717071698,383867,0.03894939874645987,0.00022988222391223366,0.13431126861994902,0.04915884919494348
2178,COLITNONINFNAS,0.001539562656097462,0.00014518509578551113,383868,0.03894939874645987,0.00011828082033521322,0.7172818229972694,0.06764169666276454
2178,C_STROKE,0.0007042943600611071,0.00012210880948913008,383844,0.03894939874645987,3.0797879154429984e-05,0.6430480511215333,0.11149007633675052
2178,D3_ANAEMIA_IRONDEF,0.0004588702229407458,8.524090937117393e-05,383833,0.03894939874645987,4.298308522605289e-05,0.35464243882736796,0.06587928890552437
2178,D3_OTHERANAEMIA,0.0004522932805858345,0.00010793009265303273,383836,0.03894939874645987,5.298828790956294e-05,0.31483268494079725,0.07512806914100226
2178,D50,0.0004588702229407458,8.524090937117393e-05,383833,0.03894939874645987,4.298308522605289e-05,0.35464243882736796,0.06587928890552437
2178,D64,0.0004522932805858345,0.00010793009265303273,383836,0.03894939874645987,5.298828790956294e-05,0.31483268494079725,0.07512806914100226
2178,G47,0.0005390916090487676,9.942495525676703e-05,383831,0.03894939874645987,3.974735230274218e-05,0.4332694731163217,0.0799081218398567
2178,G56,0.0014442443816259471,0.00018053055043376075,383867,0.03894939874645987,0.00037336800103821385,0.3787230694510416,0.047340384397401625
2178,G6_CARPTU,0.0012475502792403774,0.00017460261128835286,383863,0.03894939874645987,0.0003362491645898389,0.34472840643115615,0.048246937177395324
2178,H02,0.00040365210938385425,0.00010094405848596587,383838,0.03894939874645987,2.9576374257850733e-05,0.37608358733960845,0.09404980861853955
2178,H25,0.0003902457013812018,0.00016087778915508467,383850,0.03894939874645987,8.832780416192719e-05,0.21039675242029193,0.08673552137790888
2178,H26,0.00042183555495091315,0.0001607469092130006,383874,0.03894939874645987,0.00020778995052692122,0.14827930207044288,0.0565041026730385
2178,H33,-0.00010648973543295858,8.058895041118848e-05,383830,0.03894939874645987,4.284537445111342e-05,-0.082433814706201,0.062383990142838165
2178,H7_EYELIDDIS,0.0004067976057242401,0.00010089317793160184,383838,0.03894939874645987,2.9728709330602885e-05,0.378041938799838,0.0937612514435382
2178,H7_LENS,0.0007998363760288799,0.00022248621160177978,383874,0.03894939874645987,0.0004289508760089697,0.1956802493738379,0.054431329548463504
2178,H7_RETINALDETACH,-8.114221562474473e-05,8.798727030256096e-05,383831,0.03894939874645987,5.0203231894693254e-05,-0.05802707040423581,0.0629221606683148
2178,I20,0.0015588589700891008,0.00016920609953285313,383851,0.03894939874645987,0.00016957517798814564,0.6065621501767179,0.06583919233553039
2178,I21,0.0010867691270815133,0.00013885639542484833,383846,0.03894939874645987,0.00016946501646097404,0.4230063476338422,0.05404748369325002
2178,I25,0.002180960459871847,0.00022609252483055082,383874,0.03894939874645987,0.0006193745241864987,0.4440386196805357,0.0460319269849322
2178,I48,0.000188157548406183,0.00013337807673126728,383849,0.03894939874645987,0.00019898087439461782,0.06758737810683654,0.047910246384261404
2178,I63,0.00028208179665231904,7.799653271329095e-05,383828,0.03894939874645987,1.393974904847061e-05,0.38282227905822663,0.10585160320977449
2178,I80,0.00026952389750419165,8.175833178178995e-05,383827,0.03894939874645987,2.96643724572816e-05,0.25074328804902757,0.07606135532397641
2178,I9_CHD,0.001866608407667018,0.00018687139430292746,383870,0.03894939874645987,0.0003523141830101117,0.5038923619090803,0.05044607527844309
2178,I9_CORATHER,0.002319275918484247,0.00023356575289518416,383874,0.03894939874645987,0.0006934524213181316,0.44626590241067454,0.04494179871281492
2178,I9_DVTANDPULM,0.00043346205630939515,0.0001110542591829629,383836,0.03894939874645987,8.743653443339956e-05,0.23488443580158705,0.060178086251993994
2178,I9_IHD,0.0034039616705100126,0.00029739052091392666,383874,0.03894939874645987,0.0012171671506362486,0.49437803924692303,0.043191832591352224
2178,I9_MI,0.0011715268394799966,0.00014922755166469557,383851,0.03894939874645987,0.00020239498679306978,0.41725542137077415,0.0531494480976803
2178,I9_STR,0.0004665420519787027,9.245524489076585e-05,383833,0.03894939874645987,1.2824283061437799e-05,0.6601214858437433,0.13081713293044278
2178,I9_UAP,0.0008249502620569776,0.00010789116244696861,383832,0.03894939874645987,5.63420769606543e-05,0.5568791522300492,0.07283146856244363
2178,I9_VTE,0.0004685095536904089,0.00011428421145688559,383838,0.03894939874645987,9.488511714299935e-05,0.24370757219238853,0.05944793973717705
2178,ICDMAIN_ANY_ENTRY,0.008412621467464514,0.000540571588712514,383874,0.03894939874645987,0.002872901393455637,0.7952810038381355,0.051102538891154174
2178,J18,0.0008205630741760654,0.00011607715443223566,383840,0.03894939874645987,2.2918106621751656e-05,0.868504799569813,0.1228590085485273
2178,K11_APPENDIX,-1.1670540310652924e-05,9.980189543037965e-05,383831,0.03894939874645987,1.9919504902879905e-05,-0.013249555665875393,0.11330501706571892
2178,K11_GALLBILPANC,0.0019457297808733382,0.00024135204118548475,383874,0.03894939874645987,0.0003423088791663727,0.5328722016011078,0.06609848644538102
2178,K11_HERNIA,0.001678452061933182,0.0002651502490062552,383874,0.03894939874645987,0.00077219491564964,0.3060519099212832,0.04834796415394957
2178,K20,0.0006085397934043841,0.00010782746387788526,383839,0.03894939874645987,1.8001106473684757e-05,0.72675663164707,0.12877436331409095
2178,K21,0.0016219231844064861,0.00020761423895944623,383872,0.03894939874645987,0.00018217244900860908,0.6088895975174526,0.0779408985667644
2178,K35,-2.2666092570694396e-05,8.76551769013367e-05,383827,0.03894939874645987,1.4645527096876975e-05,-0.030010537634724166,0.11605789471967111
2178,K40,-0.0001805024961037671,0.0002065085212636678,383874,0.03894939874645987,0.000531306163992,-0.039678971436446615,0.04539574739117911
2178,K51,0.0001595630494112399,8.48527899177376e-05,383826,0.03894939874645987,3.924921530740554e-05,0.1290525110538324,0.06862782861829651
2178,K57,0.0013732677353485694,0.0002006633458470802,383874,0.03894939874645987,0.0004700505269821456,0.3209464420798879,0.04689703635185135
2178,K80,0.001387773424644285,0.00020011452123277576,383871,0.03894939874645987,0.0002372930349771275,0.4564841390475015,0.0658242212407701
2178,KNEE_ARTHROSIS,0.0021519854247066634,0.00020168054264856308,383874,0.03894939874645987,0.000538985656247528,0.4696781348473902,0.04401746406767535
2178,KRA_PSY_ANYMENTAL,0.0004914852816308262,0.00010492958712113978,383836,0.03894939874645987,5.623130641218968e-05,0.3321016634614556,0.07090200201647015
2178,M13_ARTHROSIS,0.003266124791642177,0.00032936707273362214,383874,0.03894939874645987,0.0013416432226049124,0.45181835978794,0.045562891825648204
2178,M13_DORSALGIA,0.0021247991831352246,0.0001918426041924524,383867,0.03894939874645987,0.00022608162120958764,0.7160360404888908,0.0646490359151738
2178,M13_SHOULDER,0.00109617173729194,0.0001433952493324889,383855,0.03894939874645987,0.00011478276898505447,0.5184296990197458,0.0678181651863779
2178,M16,0.000573985561356428,0.00021116171931951215,383868,0.03894939874645987,0.0002798488802677867,0.17385564721138805,0.06395920010915815
2178,M17,0.0021519854247066634,0.00020168054264856308,383874,0.03894939874645987,0.000538985656247528,0.4696781348473902,0.04401746406767535
2178,M54,0.0021247991831352246,0.0001918426041924524,383867,0.03894939874645987,0.00022608162120958764,0.7160360404888908,0.0646490359151738
2178,M75,0.0010968960307559767,0.00014333528024130997,383855,0.03894939874645987,0.00011472348339818012,0.5189062759942751,0.06780731664910228
2178,N20,0.0003718234732144404,0.00010916202304442953,383833,0.03894939874645987,9.310670142415819e-05,0.19525220807789095,0.05732323958305361
2178,PNEUMONIA,0.0009463915569295282,0.00012276143884845778,383843,0.03894939874645987,3.3489864722507524e-05,0.8286359700322897,0.10748674078706538
2178,R51,0.0008664895544187856,0.00011767057573412586,383837,0.03894939874645987,3.8987504443007606e-05,0.7031536476522109,0.0954893156262987
2178,SLEEP,0.0005349635879899582,9.944116367818034e-05,383831,0.03894939874645987,4.133536434252743e-05,0.4216119958131906,0.07837091799438649
2178,XXI_HEALTHFACTORS,0.00295882527206033,0.00033545781302625173,383874,0.03894939874645987,0.0007000881705451095,0.5666208754875319,0.06424083284029485
22127,6138_1,-0.0008999620052797527,0.0005506114949363453,383874,0.006450149921861154,0.028483556254884992,-0.06639603795399822,0.040622183493554384
22127,6152_8,0.005279984574231728,0.0008813197120191042,383874,0.006450149921861154,0.004787490175587827,0.9501535630303325,0.15859687708759337
22127,ICDMAIN_ANY_ENTRY,0.0010734796012015417,0.00030498533487471663,383874,0.006450149921861154,0.002872901393455637,0.24937248417624067,0.07084899471764783
22127,XXI_HEALTHFACTORS,0.00056508509158947,0.0002925258549771064,383874,0.006450149921861154,0.0007000881705451095,0.26592096331791837,0.1376584841976733
6138_1,6150_4,-0.005855756865262037,0.0005196473826600447,383874,0.028483556254884992,0.016914632149741197,-0.2667808499695041,0.023674475156726184
6138_1,6152_8,-0.001300355071614386,0.0003109777369753007,383874,0.028483556254884992,0.004787490175587827,-0.11135530257263579,0.02663043406386408
6138_1,6152_9,0.0029561566803391684,0.0004208780939046008,383874,0.028483556254884992,0.01002127638175884,0.17497210754039344,0.024911374825918382
6138_1,BRONCHITIS,-0.00029354993054790153,7.386396263737393e-05,383836,0.028483556254884992,2.63652091629786e-05,-0.3387421703703128,0.08523537705914339
6138_1,C18,-4.0106772487531995e-05,6.1026709838693035e-05,383827,0.028483556254884992,1.6962102787526098e-05,-0.057700657695609225,0.08779767296873256
6138_1,C3_BREAST_3,-0.00010271355807281667,0.00011238093012828696,383869,0.028483556254884992,0.00018365813177128058,-0.0449081936805238,0.049134940614370314
6138_1,C3_COLON,-3.995202954704652e-05,5.929052973925617e-05,383827,0.028483556254884992,1.0613096790424688e-05,-0.07266423037467418,0.10783684235456506
6138_1,C3_OTHER_SKIN,0.00017683600521387635,0.0001750857558662389,383874,0.028483556254884992,0.00077888952708506,0.03754357782814737,0.0371719870849488
6138_1,C3_PROSTATE,6.873078926550607e-05,9.841876874371681e-05,383846,0.028483556254884992,0.00013503761948304083,0.03504506249650741,0.05018263195158537
6138_1,C44,4.383068380739432e-05,0.00012969742072874477,383869,0.028483556254884992,0.0003989221767231898,0.013002805027094572,0.038476020170335974
6138_1,C50,-8.565966860014386e-05,0.00010375878328483045,383866,0.028483556254884992,0.00015570240882813754,-0.04067537995998582,0.04926972054955178
6138_1,C61,-1.2799353766517364e-07,8.007860060282933e-05,383838,0.028483556254884992,5.921256483686959e-05,-9.85562114380604e-05,0.061661265378274446
6138_1,CARDIAC_ARRHYTM,-0.0003589416856891519,0.00011938585405761748,383867,0.028483556254884992,0.00022988222391223366,-0.14027300392982447,0.046655523844317176
6138_1,COLITNONINFNAS,-0.0008629735060658108,0.00011549000036125496,383868,0.028483556254884992,0.00011828082033521322,-0.47015731027806884,0.0629202027086565
6138_1,C_STROKE,-0.0003449156546408381,9.032934012029416e-05,383844,0.028483556254884992,3.0797879154429984e-05,-0.368260717656251,0.0964431366641036
6138_1,D3_ANAEMIA_IRONDEF,-0.00040562244710869963,7.29447173080152e-05,383833,0.028483556254884992,4.298308522605289e-05,-0.3665861752037718,0.06592466740899988
6138_1,D3_OTHERANAEMIA,-0.00026367199278803065,8.311425689240026e-05,383836,0.028483556254884992,5.298828790956294e-05,-0.21462334151435167,0.06765322078052327
6138_1,D50,-0.00040562244710869963,7.29447173080152e-05,383833,0.028483556254884992,4.298308522605289e-05,-0.3665861752037718,0.06592466740899988
6138_1,D64,-0.00026367199278803065,8.311425689240026e-05,383836,0.028483556254884992,5.298828790956294e-05,-0.21462334151435167,0.06765322078052327
6138_1,G47,-0.00013843746596348754,6.508369459607518e-05,383831,0.028483556254884992,3.974735230274218e-05,-0.13010753036076894,0.06116753663262836
6138_1,G56,-0.0010174311393505292,0.00013762978105347478,383867,0.028483556254884992,0.00037336800103821385,-0.3119890649514144,0.04220333449569011
6138_1,G6_CARPTU,-0.0008714244594673247,0.00013185870155573118,383863,0.028483556254884992,0.0003362491645898389,-0.28158014813151594,0.04260701236133289
6138_1,H02,-0.0003570605080840734,8.092197387272791e-05,383838,0.028483556254884992,2.9576374257850733e-05,-0.38902028387082327,0.0881651387779452
6138_1,H25,-0.00017411886011167894,0.00010108581466740064,383850,0.028483556254884992,8.832780416192719e-05,-0.10977412718589159,0.06373006961377646
6138_1,H26,-0.00029430374749674705,0.000123227071683087,383874,0.028483556254884992,0.00020778995052692122,-0.12097243340104531,0.050652018022817887
6138_1,H33,8.283920324885324e-05,6.86914792771624e-05,383830,0.028483556254884992,4.284537445111342e-05,0.07498714797506685,0.062180440168032654
6138_1,H7_EYELIDDIS,-0.00035673366720260347,8.098425252695784e-05,383838,0.028483556254884992,2.9728709330602885e-05,-0.3876671177610864,0.08800664094126914
6138_1,H7_LENS,-0.00042533813265109067,0.0001558974214845799,383874,0.028483556254884992,0.0004289508760089697,-0.12168398808284812,0.04460032741441935
6138_1,H7_RETINALDETACH,8.685376617359906e-05,7.254229467022462e-05,383831,0.028483556254884992,5.0203231894693254e-05,0.07263161673377412,0.06066362318641556
6138_1,I20,-0.0008785116034556562,0.0001086036660983823,383851,0.028483556254884992,0.00016957517798814564,-0.3997323121451782,0.049415846513791155
6138_1,I21,-0.0005218991483868863,9.943765663469817e-05,383846,0.028483556254884992,0.00016946501646097404,-0.2375469471808455,0.045259916291105456
6138_1,I25,-0.0010611422960299021,0.00014500186673829335,383874,0.028483556254884992,0.0006193745241864987,-0.2526386841433167,0.03452230765670536
6138_1,I48,-0.00017372312288293793,0.00010513644582547032,383849,0.028483556254884992,0.00019898087439461782,-0.07297176562954273,0.0441621815022808
6138_1,I63,-3.745419617437993e-05,5.691182997562154e-05,383828,0.028483556254884992,1.393974904847061e-05,-0.0594396026490527,0.09031876012053795
6138_1,I80,-0.00010571283360487341,5.943297302777757e-05,383827,0.028483556254884992,2.96643724572816e-05,-0.11500402113677914,0.06465658570704567
6138_1,I9_CHD,-0.000945071148238295,0.00012513592963317642,383870,0.028483556254884992,0.0003523141830101117,-0.2983337147905437,0.039502070093690396
6138_1,I9_CORATHER,-0.0011365568266409787,0.0001527832748064926,383874,0.028483556254884992,0.0006934524213181316,-0.25573237665076415,0.034377190003094596
6138_1,I9_DVTANDPULM,-0.00016350392894333822,8.770490554331348e-05,383836,0.028483556254884992,8.743653443339956e-05,-0.10360593143653121,0.05557510751632743
6138_1,I9_IHD,-0.0016582120446211718,0.00019095402638483034,383874,0.028483556254884992,0.0012171671506362486,-0.28162282345168627,0.03243072092884802
6138_1,I9_MI,-0.0005582542739023056,9.91817103939604e-05,383851,0.028483556254884992,0.00020239498679306978,-0.23250648760186043,0.04130804222392793
6138_1,I9_STR,-0.00021144522555767946,7.420129336574408e-05,383833,0.028483556254884992,1.2824283061437799e-05,-0.34985189440060105,0.12277157350095341
6138_1,I9_UAP,-0.00044487788859275443,6.91000583822866e-05,383832,0.028483556254884992,5.63420769606543e-05,-0.35117799017571644,0.05454624796138113
6138_1,I9_VTE,-0.00017205485675383662,8.845660983223371e-05,383838,0.028483556254884992,9.488511714299935e-05,-0.10465760249823847,0.05380642479281395
6138_1,ICDMAIN_ANY_ENTRY,-0.005639287251603142,0.00038227820729009807,383874,0.028483556254884992,0.002872901393455637,-0.6233999332449048,0.04225927821603367
6138_1,J18,-0.0005552117232082702,8.852153547092803e-05,383840,0.028483556254884992,2.2918106621751656e-05,-0.6871825998359125,0.1095626341152754
6138_1,K11_APPENDIX,-0.00019561988682013736,5.827211445899401e-05,383831,0.028483556254884992,1.9919504902879905e-05,-0.259702797426347,0.07736141443974688
6138_1,K11_GALLBILPANC,-0.0011582401636478132,0.00016892455274341862,383874,0.028483556254884992,0.0003423088791663727,-0.3709304041957946,0.054098670201841594
6138_1,K11_HERNIA,-0.001332578979072892,0.0001861669996809929,383874,0.028483556254884992,0.00077219491564964,-0.28414000490754643,0.03969557754826855
6138_1,K20,-0.0004380829869793808,7.73965549363926e-05,383839,0.028483556254884992,1.8001106473684757e-05,-0.6118002943893713,0.10808736358674624
6138_1,K21,-0.0010394808028683662,0.00013268379085935893,383872,0.028483556254884992,0.00018217244900860908,-0.4563289472936465,0.05824778527771329
6138_1,K35,-0.0001466864432773738,5.2696926685485846e-05,383827,0.028483556254884992,1.4645527096876975e-05,-0.22711215036225665,0.08158976432738241
6138_1,K40,-0.00015989567671756177,0.00014054140973942514,383874,0.028483556254884992,0.000531306163992,-0.04110240067476174,0.03612723904167482
6138_1,K51,-2.1556061213974626e-05,6.525701809484762e-05,383826,0.028483556254884992,3.924921530740554e-05,-0.020387163850034615,0.06171839591000236
6138_1,K57,-0.0008295456759223144,0.00016215891636059475,383874,0.028483556254884992,0.0004700505269821456,-0.22671013015696267,0.044317112488529514
6138_1,K80,-0.0009666357538546666,0.00015334472483928465,383871,0.028483556254884992,0.0002372930349771275,-0.3718118727534752,0.058983323441120124
6138_1,KNEE_ARTHROSIS,-0.0014414100906924839,0.00015946187208314434,383874,0.028483556254884992,0.000538985656247528,-0.36787633281852966,0.04069782021446931
6138_1,KRA_PSY_ANYMENTAL,-0.0002714112146457399,8.095510492115046e-05,383836,0.028483556254884992,5.623130641218968e-05,-0.21445767642150373,0.06396730407219921
6138_1,M13_ARTHROSIS,-0.002331498811732119,0.00022457206516784405,383874,0.028483556254884992,0.0013416432226049124,-0.377154741770353,0.03632788437249466
6138_1,M13_DORSALGIA,-0.0015042696037331654,0.00013205836349525256,383867,0.028483556254884992,0.00022608162120958764,-0.5927832792437886,0.0520398667698999
6138_1,M13_SHOULDER,-0.0010111317793717065,0.00011732275473092501,383855,0.028483556254884992,0.00011478276898505447,-0.5592066224817467,0.06488537177033642
6138_1,M16,-0.0004418992044768911,0.00013065474595058338,383868,0.028483556254884992,0.0002798488802677867,-0.15651801351636332,0.046277117237353706
6138_1,M17,-0.0014414100906924839,0.00015946187208314434,383874,0.028483556254884992,0.000538985656247528,-0.36787633281852966,0.04069782021446931
6138_1,M54,-0.0015042696037331654,0.00013205836349525256,383867,0.028483556254884992,0.00022608162120958764,-0.5927832792437886,0.0520398667698999
6138_1,M75,-0.0010106109220919602,0.00011732941223348041,383855,0.028483556254884992,0.00011472348339818012,-0.5590629596196468,0.06490581787687666
6138_1,N20,-0.0004226182461760476,7.715047000162088e-05,383833,0.028483556254884992,9.310670142415819e-05,-0.2595139257140483,0.04737519385867752
6138_1,PNEUMONIA,-0.000581569758219882,9.193708946936888e-05,383843,0.028483556254884992,3.3489864722507524e-05,-0.5954537199262047,0.09413192682386018
6138_1,R51,-0.0005378601340758022,7.737817266831445e-05,383837,0.028483556254884992,3.8987504443007606e-05,-0.5103986670489086,0.07342748362722494
6138_1,SLEEP,-0.00013492374127209992,6.519053082507686e-05,383831,0.028483556254884992,4.133536434252743e-05,-0.1243455891923437,0.06007953002769314
6138_1,XXI_HEALTHFACTORS,-0.0019702616469479727,0.00026129927790280726,383874,0.028483556254884992,0.0007000881705451095,-0.4412151619191312,0.05851466651032239
6150_4,ICDMAIN_ANY_ENTRY,0.002906047057116796,0.00027600045553427923,383874,0.016914632149741197,0.002872901393455637,0.4168799458806512,0.03959297723152495
6150_4,XXI_HEALTHFACTORS,0.0006844089494716166,0.00021863230920869035,383874,0.016914632149741197,0.0007000881705451095,0.19888774851875957,0.06353407237813595
6152_8,ICDMAIN_ANY_ENTRY,0.0011296394690795963,0.0001863275483910808,383874,0.004787490175587827,0.002872901393455637,0.30459694987851627,0.05024151906139339
6152_8,XXI_HEALTHFACTORS,0.0006375509335980674,0.00016690714262671043,383874,0.004787490175587827,0.0007000881705451095,0.34824474243693126,0.09116845703117815
6152_9,ICDMAIN_ANY_ENTRY,-1.8973737305204654e-06,0.00021682617563064988,383874,0.01002127638175884,0.002872901393455637,-0.0003536152641217369,0.04041009113323516
6152_9,XXI_HEALTHFACTORS,0.00015358338785400585,0.00017620766926966104,383874,0.01002127638175884,0.0007000881705451095,0.05798375727658752,0.06652531154552693
BRONCHITIS,ICDMAIN_ANY_ENTRY,0.0002516797277374684,4.008373853066621e-05,383836,2.63652091629786e-05,0.002872901393455637,0.9144759007119082,0.14564388330460895
BRONCHITIS,XXI_HEALTHFACTORS,8.489565377769974e-05,3.130317809065464e-05,383836,2.63652091629786e-05,0.0007000881705451095,0.6248754707380294,0.23040741515712707
C18,C3_COLON,1.5593986251731756e-05,7.535457929933617e-06,383827,1.6962102787526098e-05,1.0613096790424688e-05,1.1622411267218205,0.5616279874479382
C18,ICDMAIN_ANY_ENTRY,2.050652225400648e-05,3.1160706974579336e-05,383827,1.6962102787526098e-05,0.002872901393455637,0.09289488648329383,0.14115852026431158
C18,XXI_HEALTHFACTORS,4.268427833012805e-05,2.1699729453820315e-05,383827,1.6962102787526098e-05,0.0007000881705451095,0.39169833737191667,0.1991306467159457
C3_BREAST_3,C50,0.0001739625675812497,3.946212245336611e-05,383866,0.00018365813177128058,0.00015570240882813754,1.0287339253094412,0.233360686134577
C3_BREAST_3,ICDMAIN_ANY_ENTRY,-1.4609880563927544e-05,7.288466842324028e-05,383869,0.00018365813177128058,0.002872901393455637,-0.02011320242496101,0.10033922476356706
C3_BREAST_3,XXI_HEALTHFACTORS,0.00010122237197445712,4.86202174419329e-05,383869,0.00018365813177128058,0.0007000881705451095,0.2822897175817038,0.13559243063290086
C3_COLON,ICDMAIN_ANY_ENTRY,-6.191703406554604e-06,2.6807642858600567e-05,383827,1.0613096790424688e-05,0.002872901393455637,-0.03545918277565106,0.1535243285234243
C3_COLON,XXI_HEALTHFACTORS,1.520281532084066e-05,2.1693890072762504e-05,383827,1.0613096790424688e-05,0.0007000881705451095,0.17637076054408515,0.25167495694352277
C3_OTHER_SKIN,C44,0.0005404978962126138,0.00010060444625449289,383869,0.00077888952708506,0.0003989221767231898,0.9696432658560453,0.18048252270619827
C3_OTHER_SKIN,ICDMAIN_ANY_ENTRY,-2.992594970779203e-06,0.00011022621042544966,383874,0.00077888952708506,0.002872901393455637,-0.0020005511025406302,0.07368627193077593
C3_OTHER_SKIN,XXI_HEALTHFACTORS,-2.7297308298721848e-05,7.22394765243474e-05,383874,0.00077888952708506,0.0007000881705451095,-0.03696626077346017,0.09782734979266504
C3_PROSTATE,C61,8.613074591408875e-05,2.7133817994694437e-05,383838,0.00013503761948304083,5.921256483686959e-05,0.9632164368338846,0.3034426232952615
C3_PROSTATE,ICDMAIN_ANY_ENTRY,8.370468885692827e-05,5.84813757899935e-05,383846,0.00013503761948304083,0.002872901393455637,0.13438847933528314,0.09389226898968348
C3_PROSTATE,XXI_HEALTHFACTORS,1.6993403937240676e-05,4.6112429695017627e-05,383846,0.00013503761948304083,0.0007000881705451095,0.05526836593697161,0.1499734042714067
C44,ICDMAIN_ANY_ENTRY,1.296635819367916e-05,8.116725558756266e-05,383869,0.0003989221767231898,0.002872901393455637,0.012111935927050082,0.07581871365625967
C44,XXI_HEALTHFACTORS,5.3318403693916376e-05,6.094451832441519e-05,383869,0.0003989221767231898,0.0007000881705451095,0.10089198782038403,0.11532253733259548
C50,ICDMAIN_ANY_ENTRY,4.350282316273567e-05,6.676650250809211e-05,383866,0.00015570240882813754,0.002872901393455637,0.06504432575210745,0.0998275933085936
C50,XXI_HEALTHFACTORS,0.00013138689851615118,4.839952057501783e-05,383866,0.00015570240882813754,0.0007000881705451095,0.39794955691299794,0.1465942798342424
C61,ICDMAIN_ANY_ENTRY,7.654208262305483e-05,4.4221032758368056e-05,383838,5.921256483686959e-05,0.002872901393455637,0.18558077245560728,0.10721648976416537
C61,XXI_HEALTHFACTORS,5.709357677518851e-06,3.8982034930542664e-05,383838,5.921256483686959e-05,0.0007000881705451095,0.028041674576919074,0.1914613866587202
CARDIAC_ARRHYTM,I48,0.00021221964307597567,3.694072657456663e-05,383849,0.00022988222391223366,0.00019898087439461782,0.992263959293978,0.17272176636803174
CARDIAC_ARRHYTM,ICDMAIN_ANY_ENTRY,0.00025636213167828134,6.548783109568246e-05,383867,0.00022988222391223366,0.002872901393455637,0.31545747238515787,0.08058376459186037
CARDIAC_ARRHYTM,XXI_HEALTHFACTORS,0.0001714218630787978,4.76504660843589e-05,383867,0.00022988222391223366,0.0007000881705451095,0.42730418491915345,0.11877856887971901
COLITNONINFNAS,ICDMAIN_ANY_ENTRY,0.00036018132049834656,5.977242076165178e-05,383868,0.00011828082033521322,0.002872901393455637,0.617879322987997,0.10253764082619227
COLITNONINFNAS,K51,1.85667868972022e-05,1.7023786990964404e-05,383826,0.00011828082033521322,3.924921530740554e-05,0.27249848968843254,0.24985239877527882
COLITNONINFNAS,XXI_HEALTHFACTORS,0.00023771454475367198,4.948458464405223e-05,383868,0.00011828082033521322,0.0007000881705451095,0.8260802165324042,0.1719635474561903
C_STROKE,I63,2.27334265528614e-05,1.2572853565858466e-05,383828,3.0797879154429984e-05,1.393974904847061e-05,1.0971778156192198,0.606800562133147
C_STROKE,I9_STR,2.020477835130816e-05,1.4795223285346264e-05,383833,3.0797879154429984e-05,1.2824283061437799e-05,1.0166632792485242,0.7444654903388424
C_STROKE,ICDMAIN_ANY_ENTRY,0.00023824767394469554,4.813574114533823e-05,383844,3.0797879154429984e-05,0.002872901393455637,0.8009546074372847,0.16182547772414688
C_STROKE,XXI_HEALTHFACTORS,3.6462358953400516e-05,3.958368896034303e-05,383844,3.0797879154429984e-05,0.0007000881705451095,0.248317877344729,0.2695749233522827
D3_ANAEMIA_IRONDEF,D50,4.1829525617970334e-05,1.7956829063183664e-05,383833,4.298308522605289e-05,4.298308522605289e-05,0.973162475378027,0.4177650107884689
D3_ANAEMIA_IRONDEF,ICDMAIN_ANY_ENTRY,0.00010483520394273902,3.827830702640718e-05,383833,4.298308522605289e-05,0.002872901393455637,0.29833073077786887,0.10892901314299983
D3_ANAEMIA_IRONDEF,XXI_HEALTHFACTORS,8.173157182354199e-05,4.038725073440247e-05,383833,4.298308522605289e-05,0.0007000881705451095,0.4711559597676702,0.23281938004603392
D3_OTHERANAEMIA,D64,5.0476785192759054e-05,2.3686451542650194e-05,383836,5.298828790956294e-05,5.298828790956294e-05,0.952602682292918,0.44701296224321746
D3_OTHERANAEMIA,ICDMAIN_ANY_ENTRY,0.00013301605360117763,4.375108319944908e-05,383836,5.298828790956294e-05,0.002872901393455637,0.34092100114521806,0.11213430771495884
D3_OTHERANAEMIA,XXI_HEALTHFACTORS,7.670590399372305e-05,4.259857731512765e-05,383836,5.298828790956294e-05,0.0007000881705451095,0.3982561391052809,0.2211713055919245
D50,ICDMAIN_ANY_ENTRY,0.00010483520394273902,3.827830702640718e-05,383833,4.298308522605289e-05,0.002872901393455637,0.29833073077786887,0.10892901314299983
D50,XXI_HEALTHFACTORS,8.173157182354199e-05,4.038725073440247e-05,383833,4.298308522605289e-05,0.0007000881705451095,0.4711559597676702,0.23281938004603392
D64,ICDMAIN_ANY_ENTRY,0.00013301605360117763,4.375108319944908e-05,383836,5.298828790956294e-05,0.002872901393455637,0.34092100114521806,0.11213430771495884
D64,XXI_HEALTHFACTORS,7.670590399372305e-05,4.259857731512765e-05,383836,5.298828790956294e-05,0.0007000881705451095,0.3982561391052809,0.2211713055919245
G47,ICDMAIN_ANY_ENTRY,0.0001551574931914951,3.908367925821979e-05,383831,3.974735230274218e-05,0.002872901393455637,0.45915391551814405,0.11565941157684649
G47,SLEEP,4.109853462186057e-05,9.252275985735678e-06,383831,3.974735230274218e-05,4.133536434252743e-05,1.013937884395311,0.22826198610566611
G47,XXI_HEALTHFACTORS,4.680464295830077e-05,2.5356051593285077e-05,383831,3.974735230274218e-05,0.0007000881705451095,0.2805811331570469,0.1520026484289361
G56,G6_CARPTU,0.0003549480070033231,4.585595429457246e-05,383863,0.00037336800103821385,0.0003362491645898389,1.0017643854755651,0.12941856544603142
G56,ICDMAIN_ANY_ENTRY,0.0005592290836483978,7.014316838557815e-05,383867,0.00037336800103821385,0.002872901393455637,0.5399590719631927,0.06772616305815633
G56,XXI_HEALTHFACTORS,0.00016314064898126642,5.119038422080724e-05,383867,0.00037336800103821385,0.0007000881705451095,0.319092993755406,0.10012521743972333
G6_CARPTU,ICDMAIN_ANY_ENTRY,0.0005022608727536276,6.53682259869459e-05,383863,0.0003362491645898389,0.002872901393455637,0.5110205675641122,0.06650828236205061
G6_CARPTU,XXI_HEALTHFACTORS,0.00014299985866188768,4.8676133727203586e-05,383863,0.0003362491645898389,0.0007000881705451095,0.29473290962846044,0.10032498393445173
H02,H7_EYELIDDIS,2.9620929985008267e-05,1.5515218310727768e-05,383838,2.9576374257850733e-05,2.9728709330602885e-05,0.998937221345686,0.5232357348582342
H02,ICDMAIN_ANY_ENTRY,0.00020286076888065553,4.270364011587767e-05,383838,2.9576374257850733e-05,0.002872901393455637,0.6959294908850481,0.14649812622106742
H02,XXI_HEALTHFACTORS,6.0746508273031984e-05,2.9842320715612284e-05,383838,2.9576374257850733e-05,0.0007000881705451095,0.42215553066621986,0.20738806387664713
H25,H26,9.519424868337639e-05,2.71354058326687e-05,383850,8.832780416192719e-05,0.00020778995052692122,0.7026672684157258,0.20029741037415355
H25,H7_LENS,0.00016928401969002016,3.9846635373444495e-05,383850,8.832780416192719e-05,0.0004289508760089697,0.869687977333357,0.20471004755751146
H25,ICDMAIN_ANY_ENTRY,0.0001529008250151356,5.329157913926125e-05,383850,8.832780416192719e-05,0.002872901393455637,0.30352939188046435,0.1057911924732152
H25,XXI_HEALTHFACTORS,8.974791565613152e-08,4.434730802756347e-05,383850,8.832780416192719e-05,0.0007000881705451095,0.0003609103065653892,0.1783372952849652
H26,H7_LENS,0.000289749050555812,6.358281602005258e-05,383874,0.00020778995052692122,0.0004289508760089697,0.9705233132334317,0.21297258834885027
H26,ICDMAIN_ANY_ENTRY,0.0002430207167719533,7.091746817906852e-05,383874,0.00020778995052692122,0.002872901393455637,0.31453622316124175,0.09178687682883206
H26,XXI_HEALTHFACTORS,5.630986535750471e-05,6.21369021576417e-05,383874,0.00020778995052692122,0.0007000881705451095,0.14763721677064348,0.16291495699840777
H33,H7_RETINALDETACH,4.5792147426555696e-05,1.1198929060798661e-05,383830,4.284537445111342e-05,5.0203231894693254e-05,0.9873547066649353,0.2414674991060573
H33,ICDMAIN_ANY_ENTRY,-2.774887185918227e-05,3.501419557566631e-05,383830,4.284537445111342e-05,0.002872901393455637,-0.07909208056296847,0.09980029427400815
H33,XXI_HEALTHFACTORS,4.751489784029237e-06,2.9643477125524644e-05,383830,4.284537445111342e-05,0.0007000881705451095,0.027434778537179565,0.17115941882991378
H7_EYELIDDIS,ICDMAIN_ANY_ENTRY,0.00020394191137325499,4.27855166916157e-05,383838,2.9728709330602885e-05,0.002872901393455637,0.6978435967960768,0.1464024665543623
H7_EYELIDDIS,XXI_HEALTHFACTORS,6.076616987011049e-05,2.988330832477386e-05,383838,2.9728709330602885e-05,0.0007000881705451095,0.42120882936789833,0.2071401463021826
H7_LENS,ICDMAIN_ANY_ENTRY,0.000389259772937161,8.550316557391863e-05,383874,0.0004289508760089697,0.002872901393455637,0.35065124518997065,0.07702257864960226
H7_LENS,XXI_HEALTHFACTORS,5.4985859182493e-05,8.063368428314382e-05,383874,0.0004289508760089697,0.0007000881705451095,0.10033925364324035,0.14714189829466817
H7_RETINALDETACH,ICDMAIN_ANY_ENTRY,-3.8873263420130495e-06,3.609963587691831e-05,383831,5.0203231894693254e-05,0.002872901393455637,-0.010235870981515637,0.095055362685212
H7_RETINALDETACH,XXI_HEALTHFACTORS,7.869812384278153e-06,3.147268685186558e-05,383831,5.0203231894693254e-05,0.0007000881705451095,0.041978041358163694,0.1678771596841987
I20,I9_UAP,8.930363600025128e-05,1.6989598687021443e-05,383832,0.00016957517798814564,5.63420769606543e-05,0.9136325725536094,0.17381431988987714
I20,ICDMAIN_ANY_ENTRY,0.0004231586012861848,6.541835218572465e-05,383851,0.00016957517798814564,0.002872901393455637,0.606263848682384,0.09372557204326856
I20,XXI_HEALTHFACTORS,0.00013378781201017203,4.209604155571108e-05,383851,0.00016957517798814564,0.0007000881705451095,0.388292534594965,0.12217539420436337
I21,I9_MI,0.000187590399614296,2.7812569170560317e-05,383846,0.00016946501646097404,0.00020239498679306978,1.0129096389646783,0.1501762321267824
I21,ICDMAIN_ANY_ENTRY,0.00024703000333872125,5.410678380016673e-05,383846,0.00016946501646097404,0.002872901393455637,0.3540375406227767,0.07754455899574812
I21,XXI_HEALTHFACTORS,8.800255133017497e-05,4.038267005758267e-05,383846,0.00016946501646097404,0.0007000881705451095,0.25549291681782144,0.11724076184102358
I25,I9_CHD,0.0004644106828323354,4.729847055469794e-05,383870,0.0006193745241864987,0.0003523141830101117,0.9941695764814306,0.10125240908069273
I25,I9_CORATHER,0.000663105480381597,8.300460064082211e-05,383874,0.0006193745241864987,0.0006934524213181316,1.0118068462894927,0.12665348980916044
I25,I9_IHD,0.000870528759812846,9.527469952830591e-05,383874,0.0006193745241864987,0.0012171671506362486,1.0026084094869,0.10973010814594285
I25,ICDMAIN_ANY_ENTRY,0.0005563767998280557,9.07694409734601e-05,383874,0.0006193745241864987,0.002872901393455637,0.4170921182617026,0.06804600483117049
I25,XXI_HEALTHFACTORS,0.00016286220020517275,6.422343108100868e-05,383874,0.0006193745241864987,0.0007000881705451095,0.24732456781592774,0.09753050318463027
I48,ICDMAIN_ANY_ENTRY,0.0001516649857152767,5.893439951735187e-05,383849,0.00019898087439461782,0.002872901393455637,0.20059462929151942,0.07794761571332622
I48,XXI_HEALTHFACTORS,9.809862162622758e-05,4.115808565706418e-05,383849,0.00019898087439461782,0.0007000881705451095,0.26283359057744,0.11027400033975393
I63,I9_STR,1.543494750588767e-05,9.421804961843772e-06,383828,1.393974904847061e-05,1.2824283061437799e-05,1.1544127944147566,0.7046769799692538
I63,ICDMAIN_ANY_ENTRY,9.406164306821862e-05,3.174952071206418e-05,383828,1.393974904847061e-05,0.002872901393455637,0.4700290747206117,0.15865338257265302
I63,XXI_HEALTHFACTORS,3.2687020701989374e-06,2.5236713839662667e-05,383828,1.393974904847061e-05,0.0007000881705451095,0.033088074177170586,0.25546355757775274
I80,I9_DVTANDPULM,5.3245333361154344e-05,1.2549348946769662e-05,383827,2.96643724572816e-05,8.743653443339956e-05,1.045484262364695,0.2464093282650489
I80,I9_VTE,5.48029510113664e-05,1.3541092410941153e-05,383827,2.96643724572816e-05,9.488511714299935e-05,1.0329690590768719,0.25523314399076374
I80,ICDMAIN_ANY_ENTRY,9.393147342904592e-05,2.9683149477405558e-05,383827,2.96643724572816e-05,0.002872901393455637,0.32176084379104875,0.10167918029562682
I80,XXI_HEALTHFACTORS,-6.336334215156719e-06,2.328007695305213e-05,383827,2.96643724572816e-05,0.0007000881705451095,-0.04396875049639439,0.16154386121823178
I9_CHD,I9_CORATHER,0.0004985667146613956,5.048129546305929e-05,383870,0.0003523141830101117,0.0006934524213181316,1.0086718085933573,0.10213088458871875
I9_CHD,I9_IHD,0.0006513752570588364,6.657399501921405e-05,383870,0.0003523141830101117,0.0012171671506362486,0.9946976288901092,0.10166335652717716
I9_CHD,ICDMAIN_ANY_ENTRY,0.00042659947056470114,7.344810869146938e-05,383870,0.0003523141830101117,0.002872901393455637,0.4240283449241722,0.07300543510995973
I9_CHD,XXI_HEALTHFACTORS,0.00017106972468697735,5.291258169201773e-05,383870,0.0003523141830101117,0.0007000881705451095,0.34445438938752865,0.10654118401716901
I9_CORATHER,I9_IHD,0.0009247418146959103,0.00010008669612733987,383874,0.0006934524213181316,0.0012171671506362486,1.0065539325360295,0.10894138880768628
I9_CORATHER,ICDMAIN_ANY_ENTRY,0.0005716920543324688,9.175354347826805e-05,383874,0.0006934524213181316,0.002872901393455637,0.405035847343514,0.06500610590588643
I9_CORATHER,XXI_HEALTHFACTORS,0.00019072603491987898,6.608997308904296e-05,383874,0.0006934524213181316,0.0007000881705451095,0.2737318143350737,0.09485295623442097
I9_DVTANDPULM,I9_VTE,9.173936807186506e-05,1.9239691377352233e-05,383836,8.743653443339956e-05,9.488511714299935e-05,1.0071872682057412,0.21122853369010564
I9_DVTANDPULM,ICDMAIN_ANY_ENTRY,0.00012519701804177816,4.392273153835849e-05,383836,8.743653443339956e-05,0.002872901393455637,0.24979696472547433,0.08763599319172717
I9_DVTANDPULM,XXI_HEALTHFACTORS,1.668161976723755e-05,3.39871389664378e-05,383836,8.743653443339956e-05,0.0007000881705451095,0.06742413449026903,0.13736995930773713
I9_IHD,ICDMAIN_ANY_ENTRY,0.0008863204131574235,0.00012120156341289592,383874,0.0012171671506362486,0.002872901393455637,0.4739748309600869,0.06481458587428728
I9_IHD,XXI_HEALTHFACTORS,0.0002734548087745179,8.021516528236572e-05,383874,0.0012171671506362486,0.0007000881705451095,0.29623344133797347,0.08689704366721618
I9_MI,ICDMAIN_ANY_ENTRY,0.0002733088599184112,5.800524632022924e-05,383851,0.00020239498679306978,0.002872901393455637,0.35842102297617645,0.07606888313202882
I9_MI,XXI_HEALTHFACTORS,9.802133388157734e-05,4.099959753228642e-05,383851,0.00020239498679306978,0.0007000881705451095,0.26040202842769683,0.10891892549661736
I9_STR,ICDMAIN_ANY_ENTRY,0.00015453282771798866,4.126036117795926e-05,383833,1.2824283061437799e-05,0.002872901393455637,0.8050889093119526,0.21495923985291587
I9_STR,XXI_HEALTHFACTORS,-1.13324930755418e-05,2.8844309693527754e-05,383833,1.2824283061437799e-05,0.0007000881705451095,-0.11960037600257209,0.30441582994001715
I9_UAP,ICDMAIN_ANY_ENTRY,0.000220031113429092,4.161785883456408e-05,383832,5.63420769606543e-05,0.002872901393455637,0.546899227833533,0.1034434380937814
I9_UAP,XXI_HEALTHFACTORS,6.43275620508677e-05,3.080716325186493e-05,383832,5.63420769606543e-05,0.0007000881705451095,0.32389503924458446,0.15511682756742243
I9_VTE,ICDMAIN_ANY_ENTRY,0.00013874575026768794,4.407912796429495e-05,383838,9.488511714299935e-05,0.002872901393455637,0.265742049843961,0.08442548905437694
I9_VTE,XXI_HEALTHFACTORS,1.4033040769037185e-05,3.502763433008077e-05,383838,9.488511714299935e-05,0.0007000881705451095,0.05444730249324577,0.13590498548259822
ICDMAIN_ANY_ENTRY,J18,0.0002599740138162005,4.8388327036399255e-05,383840,0.002872901393455637,2.2918106621751656e-05,1.0131650771858904,0.18857793660634903
ICDMAIN_ANY_ENTRY,K11_APPENDIX,6.251854218648215e-05,3.5610901058433473e-05,383831,0.002872901393455637,1.9919504902879905e-05,0.2613420013670916,0.1488618228706679
ICDMAIN_ANY_ENTRY,K11_GALLBILPANC,0.0006070217425727109,9.353950648192813e-05,383874,0.002872901393455637,0.0003423088791663727,0.6121175127464137,0.09432474330915165
ICDMAIN_ANY_ENTRY,K11_HERNIA,0.0006611197134546573,0.00011571021959388304,383874,0.002872901393455637,0.00077219491564964,0.44387049589403405,0.07768691737047556
ICDMAIN_ANY_ENTRY,K20,0.0001710853020949707,4.843952854903274e-05,383839,0.002872901393455637,1.8001106473684757e-05,0.7523202307641346,0.2130050731995958
ICDMAIN_ANY_ENTRY,K21,0.000467661072308799,7.138265158390958e-05,383872,0.002872901393455637,0.00018217244900860908,0.6464419219026575,0.09867132676362825
ICDMAIN_ANY_ENTRY,K35,4.245460708482485e-05,3.189728977800623e-05,383827,0.002872901393455637,1.4645527096876975e-05,0.20697217452040872,0.15550376931933368
ICDMAIN_ANY_ENTRY,K40,0.00015327262014626375,8.093654170338352e-05,383874,0.002872901393455637,0.000531306163992,0.1240600050154097,0.06551064214906645
ICDMAIN_ANY_ENTRY,K51,6.942299711034968e-06,3.492457420868728e-05,383826,0.002872901393455637,3.924921530740554e-05,0.020674142707045855,0.10400525203853116
ICDMAIN_ANY_ENTRY,K57,0.0005324973339409776,9.324575325177652e-05,383874,0.002872901393455637,0.0004700505269821456,0.45823135798340753,0.08024101796438912
ICDMAIN_ANY_ENTRY,K80,0.00044359287030952874,7.990101976125262e-05,383871,0.002872901393455637,0.0002372930349771275,0.5372565288261016,0.0967719442754854
ICDMAIN_ANY_ENTRY,KNEE_ARTHROSIS,0.0006866175202969408,8.067830816033138e-05,383874,0.002872901393455637,0.000538985656247528,0.5517799521968845,0.06483474671718409
ICDMAIN_ANY_ENTRY,KRA_PSY_ANYMENTAL,0.0001386783121148341,4.3314979418217426e-05,383836,0.002872901393455637,5.623130641218968e-05,0.34503178135330104,0.10776771277381658
ICDMAIN_ANY_ENTRY,M13_ARTHROSIS,0.0012569314311287503,0.00012838622894913808,383874,0.002872901393455637,0.0013416432226049124,0.6402251136424196,0.06539424982416889
ICDMAIN_ANY_ENTRY,M13_DORSALGIA,0.0006590188197689971,7.27436695672586e-05,383867,0.002872901393455637,0.00022608162120958764,0.8177203910383446,0.09026143129714184
ICDMAIN_ANY_ENTRY,M13_SHOULDER,0.00037156464138931856,6.242594454729961e-05,383855,0.002872901393455637,0.00011478276898505447,0.6470467655057209,0.10870922849907882
ICDMAIN_ANY_ENTRY,M16,0.0003378657503919569,7.857623104770942e-05,383868,0.002872901393455637,0.0002798488802677867,0.37680965536346406,0.08763327595797693
ICDMAIN_ANY_ENTRY,M17,0.0006866175202969408,8.067830816033138e-05,383874,0.002872901393455637,0.000538985656247528,0.5517799521968845,0.06483474671718409
ICDMAIN_ANY_ENTRY,M54,0.0006590188197689971,7.27436695672586e-05,383867,0.002872901393455637,0.00022608162120958764,0.8177203910383446,0.09026143129714184
ICDMAIN_ANY_ENTRY,M75,0.00037184980600001575,6.237714811551252e-05,383855,0.002872901393455637,0.00011472348339818012,0.6477106479930717,0.10865231707518144
ICDMAIN_ANY_ENTRY,N20,0.00012915455930101436,4.169761845407638e-05,383833,0.002872901393455637,9.310670142415819e-05,0.24972321153844668,0.08062327222678986
ICDMAIN_ANY_ENTRY,PNEUMONIA,0.00029068808949711837,4.844714195742522e-05,383843,0.002872901393455637,3.3489864722507524e-05,0.9371523120255085,0.15618923766355122
ICDMAIN_ANY_ENTRY,R51,0.00027933380246030067,4.298733329523372e-05,383837,0.002872901393455637,3.8987504443007606e-05,0.8346423452143243,0.12844506593913876
ICDMAIN_ANY_ENTRY,SLEEP,0.00015409200385776433,3.9241374231029486e-05,383831,0.002872901393455637,4.133536434252743e-05,0.4471557893087336,0.1138735770094357
ICDMAIN_ANY_ENTRY,XXI_HEALTHFACTORS,0.0011572352725131082,0.00014219145356105087,383874,0.002872901393455637,0.0007000881705451095,0.8159901809349258,0.10026209248419513
J18,PNEUMONIA,2.8078402985131347e-05,1.7095103661722677e-05,383840,2.2918106621751656e-05,3.3489864722507524e-05,1.0135060333816912,0.6170575552896007
J18,XXI_HEALTHFACTORS,0.00013887833977628593,3.721769931209342e-05,383840,2.2918106621751656e-05,0.0007000881705451095,1.0963993732405448,0.29382164464931193
K11_APPENDIX,K35,1.7575043285770313e-05,9.684749427382933e-06,383827,1.9919504902879905e-05,1.4645527096876975e-05,1.0289745421956935,0.567017699261648
K11_APPENDIX,XXI_HEALTHFACTORS,-1.164053164899134e-05,2.662394770252584e-05,383831,1.9919504902879905e-05,0.0007000881705451095,-0.09857281890310617,0.2254534117944909
K11_GALLBILPANC,K80,0.00029287656862350545,4.795289323987704e-05,383871,0.0003423088791663727,0.0002372930349771275,1.027621187385781,0.16825316317159
K11_GALLBILPANC,XXI_HEALTHFACTORS,0.0001586217906512507,6.394336893218037e-05,383874,0.0003423088791663727,0.0007000881705451095,0.32402416214530777,0.1306201150417708
K11_HERNIA,K40,0.0005462108113181074,0.00013467595786119957,383874,0.00077219491564964,0.000531306163992,0.8527552383641883,0.21025879782699458
K11_HERNIA,XXI_HEALTHFACTORS,0.0002905688235086417,8.411234408886077e-05,383874,0.00077219491564964,0.0007000881705451095,0.3951929390291755,0.11439838613009902
K20,K21,9.043601086323386e-05,1.742807353665809e-05,383839,1.8001106473684757e-05,0.00018217244900860908,1.5792484111351217,0.3043395786611674
K20,XXI_HEALTHFACTORS,8.636375976154636e-05,3.320554564754861e-05,383839,1.8001106473684757e-05,0.0007000881705451095,0.7693174273274467,0.29579079258601737
K21,XXI_HEALTHFACTORS,0.0002587408920397109,5.509517558631687e-05,383872,0.00018217244900860908,0.0007000881705451095,0.7245149528020346,0.1542751059751845
K35,XXI_HEALTHFACTORS,-9.71170054189784e-06,2.4675367632275984e-05,383827,1.4645527096876975e-05,0.0007000881705451095,-0.09591055619624679,0.24368834518202448
K40,XXI_HEALTHFACTORS,5.939740670484739e-05,6.28476188541961e-05,383874,0.000531306163992,0.0007000881705451095,0.09739096905357988,0.10304811005192725
K51,XXI_HEALTHFACTORS,-3.295478951833444e-05,3.2974297258559286e-05,383826,3.924921530740554e-05,0.0007000881705451095,-0.1988047163584056,0.19892239973065218
K57,XXI_HEALTHFACTORS,0.00029426568036261823,6.43866153498809e-05,383874,0.0004700505269821456,0.0007000881705451095,0.5129688252686074,0.11223981810705852
K80,XXI_HEALTHFACTORS,9.947768257895174e-05,5.5567301224338846e-05,383871,0.0002372930349771275,0.0007000881705451095,0.24406572501636342,0.1363328267097216
KNEE_ARTHROSIS,M13_ARTHROSIS,0.0007922843108875868,7.381155425970455e-05,383874,0.000538985656247528,0.0013416432226049124,0.9316953576608501,0.08679950050816554
KNEE_ARTHROSIS,M16,0.00017969435048955466,3.444879361324951e-05,383868,0.000538985656247528,0.0002798488802677867,0.46268352185386824,0.08870000147011761
KNEE_ARTHROSIS,M17,0.0005442377150837093,6.183497453070222e-05,383874,0.000538985656247528,0.000538985656247528,1.00974433878769,0.11472471264115541
KNEE_ARTHROSIS,XXI_HEALTHFACTORS,0.00011807637095619981,7.031210563145925e-05,383874,0.000538985656247528,0.0007000881705451095,0.19221975670609912,0.11446300160246406
KRA_PSY_ANYMENTAL,XXI_HEALTHFACTORS,4.8831510706371406e-05,3.295201557639901e-05,383836,5.623130641218968e-05,0.0007000881705451095,0.24611308475682916,0.16607969086249225
M13_ARTHROSIS,M16,0.0004740631347256602,7.348089955761656e-05,383868,0.0013416432226049124,0.0002798488802677867,0.773670213282906,0.1199207005747452
M13_ARTHROSIS,M17,0.0007922843108875868,7.381155425970455e-05,383874,0.0013416432226049124,0.000538985656247528,0.9316953576608501,0.08679950050816554
M13_ARTHROSIS,XXI_HEALTHFACTORS,0.00013340162808570089,8.84524457597104e-05,383874,0.0013416432226049124,0.0007000881705451095,0.1376468381092827,0.09126724805813675
M13_DORSALGIA,M54,0.00022679968842811017,3.6267255409079205e-05,383867,0.00022608162120958764,0.00022608162120958764,1.0031761414956275,0.16041664605482397
M13_DORSALGIA,XXI_HEALTHFACTORS,0.00020237701918995586,4.770210653674842e-05,383867,0.00022608162120958764,0.0007000881705451095,0.5086888235358104,0.11990258850280942
M13_SHOULDER,M75,0.00011640230374548451,2.719232337592459e-05,383855,0.00011478276898505447,0.00011472348339818012,1.0143715599936671,0.23696369053828878
M13_SHOULDER,XXI_HEALTHFACTORS,0.00015126534880090177,4.0817803418454275e-05,383855,0.00011478276898505447,0.0007000881705451095,0.5336109522344655,0.14399085529435385
M16,M17,0.00017969435048955466,3.444879361324951e-05,383868,0.0002798488802677867,0.000538985656247528,0.46268352185386824,0.08870000147011761
M16,XXI_HEALTHFACTORS,-1.3783351295191064e-05,4.724619584161803e-05,383868,0.0002798488802677867,0.0007000881705451095,-0.031139860927425662,0.10674036642824374
M17,XXI_HEALTHFACTORS,0.00011807637095619981,7.031210563145925e-05,383874,0.000538985656247528,0.0007000881705451095,0.19221975670609912,0.11446300160246406
M54,XXI_HEALTHFACTORS,0.00020237701918995586,4.770210653674842e-05,383867,0.00022608162120958764,0.0007000881705451095,0.5086888235358104,0.11990258850280942
M75,XXI_HEALTHFACTORS,0.0001517265030046342,4.08351964925177e-05,383855,0.00011472348339818012,0.0007000881705451095,0.5353760214663139,0.1440894280236035
N20,XXI_HEALTHFACTORS,8.323380650255813e-05,3.603959265498464e-05,383833,9.310670142415819e-05,0.0007000881705451095,0.3260114973242669,0.14116044979929024
PNEUMONIA,XXI_HEALTHFACTORS,0.000133259754278624,3.883992855107414e-05,383843,3.3489864722507524e-05,0.0007000881705451095,0.8702939045701376,0.25365612637454504
R51,XXI_HEALTHFACTORS,0.0001108883955178349,3.2399580305732035e-05,383837,3.8987504443007606e-05,0.0007000881705451095,0.6711923705755112,0.19611025129819218
SLEEP,XXI_HEALTHFACTORS,4.467574124004624e-05,2.5371227682284845e-05,383831,4.133536434252743e-05,0.0007000881705451095,0.2626240607272514,0.1491434647666162
